premise,hypothesis,label
더 이상 살고 싶지 않아. 오늘 밤 끝낼 거야.,이 사람은 스스로를 해치려 한다,0
약을 잔뜩 모아뒀어. 다 먹으면 어떻게 될지 알아.,이 사람은 스스로를 해치려 한다,0
이번 주말에 옥상에 올라갈 생각이야.,이 사람은 스스로를 해치려 한다,0
죽는 방법을 계속 찾아보고 있어.,이 사람은 스스로를 해치려 한다,0
내일이 내 마지막 날이 될 것 같아.,이 사람은 스스로를 해치려 한다,0
유서를 써뒀어. 아무도 모를 거야.,이 사람은 스스로를 해치려 한다,0
칼이 가까이 있는데 쓰고 싶다는 생각이 자꾸 들어.,이 사람은 스스로를 해치려 한다,0
이제 다 정리했어. 나 없이도 잘 살 수 있을 거야.,이 사람은 스스로를 해치려 한다,0
한강 다리 위에서 오래 서 있었어. 그냥 뛰어내릴까 생각했어.,이 사람은 스스로를 해치려 한다,0
목을 매는 게 제일 고통 없이 끝나는 방법인 것 같아.,이 사람은 스스로를 해치려 한다,0
모든 걸 끝내고 싶어. 진짜로.,이 사람은 스스로를 해치려 한다,0
오늘 자해했어. 피가 나는 걸 보니 살아있는 것 같았어.,이 사람은 스스로를 해치려 한다,0
수면제를 한 달치 모았어. 언제 쓸지는 아직 모르겠지만.,이 사람은 스스로를 해치려 한다,0
이 세상에서 사라지고 싶어. 방법도 이미 생각해 뒀어.,이 사람은 스스로를 해치려 한다,0
더는 버틸 이유가 없어. 오늘 밤 결정하려고.,이 사람은 스스로를 해치려 한다,0
손목에 흉터가 생겼어. 또 그랬어.,이 사람은 스스로를 해치려 한다,0
높은 곳에 올라가면 뛰어내리고 싶다는 충동이 들어.,이 사람은 스스로를 해치려 한다,0
농약을 마시면 어떻게 될지 생각해봤어.,이 사람은 스스로를 해치려 한다,0
죽고 싶어. 오늘 그 생각이 멈추질 않아.,이 사람은 스스로를 해치려 한다,0
자살 충동이 너무 강해서 무서워. 참기 힘들어.,이 사람은 스스로를 해치려 한다,0
칼로 긋는 게 이제 습관이 됐어.,이 사람은 스스로를 해치려 한다,0
오늘 밤 마지막이야. 더 이상 못 버텨.,이 사람은 스스로를 해치려 한다,0
내 목숨을 끊는 것만 생각해. 다른 방법이 없어.,이 사람은 스스로를 해치려 한다,0
건물 옥상에서 내려다봤는데 뛰어내리고 싶었어.,이 사람은 스스로를 해치려 한다,0
독약을 어디서 구할 수 있는지 찾아봤어.,이 사람은 스스로를 해치려 한다,0
오늘 자해 도구를 샀어. 사용할 것 같아.,이 사람은 스스로를 해치려 한다,0
더 살면 안 될 것 같아. 내가 없어져야 해.,이 사람은 스스로를 해치려 한다,0
이번이 진짜 마지막 시도야.,이 사람은 스스로를 해치려 한다,0
목숨을 버리기로 결심했어.,이 사람은 스스로를 해치려 한다,0
스스로를 해칠 계획을 세웠어. 오늘 실행할 거야.,이 사람은 스스로를 해치려 한다,0
면도날로 긋는 걸 멈출 수가 없어.,이 사람은 스스로를 해치려 한다,0
다리 위에서 한참을 서 있었어. 뛰어내릴 뻔했어.,이 사람은 스스로를 해치려 한다,0
지금 당장 죽고 싶어. 이 충동을 참을 수가 없어.,이 사람은 스스로를 해치려 한다,0
수면제 전부 삼켰어. 지금 몸이 이상해.,이 사람은 스스로를 해치려 한다,0
오늘 진짜로 끝내려고 준비했어.,이 사람은 스스로를 해치려 한다,0
목숨을 끊는 게 유일한 탈출구야.,이 사람은 스스로를 해치려 한다,0
이제 짐 다 쌌어. 마지막 인사를 해야 할 것 같아.,이 사람은 스스로를 해치려 한다,0
모든 사람이 나 없이도 더 잘 될 것 같아.,이 사람은 스스로를 해치려 한다,0
내 보험금이 얼마인지 확인해봤어.,이 사람은 스스로를 해치려 한다,0
이 고통이 오늘로 끝났으면 좋겠어. 진짜로.,이 사람은 스스로를 해치려 한다,0
다시는 아침을 보고 싶지 않아.,이 사람은 스스로를 해치려 한다,0
더 이상 내일이 두렵지 않아. 내일이 안 와도 상관없어.,이 사람은 스스로를 해치려 한다,0
내가 없어지면 엄마가 덜 힘들 것 같아.,이 사람은 스스로를 해치려 한다,0
전화기를 꺼놨어. 아무도 찾지 못하게.,이 사람은 스스로를 해치려 한다,0
오늘 밤 마지막으로 좋아하는 노래를 들었어.,이 사람은 스스로를 해치려 한다,0
작별 인사가 필요할 것 같아서 연락했어.,이 사람은 스스로를 해치려 한다,0
나 때문에 다들 힘든 거잖아. 내가 없으면 해결되는 거 아니야?,이 사람은 스스로를 해치려 한다,0
이제 아무것도 무섭지 않아. 다 끝낼 수 있을 것 같아.,이 사람은 스스로를 해치려 한다,0
소중한 물건들을 정리해서 친구한테 보냈어.,이 사람은 스스로를 해치려 한다,0
더 이상 고통받지 않을 방법을 찾았어.,이 사람은 스스로를 해치려 한다,0
마지막으로 한 번만 도와줄 수 있어?,이 사람은 스스로를 해치려 한다,0
연락처를 전부 지웠어. 이제 필요 없을 것 같아서.,이 사람은 스스로를 해치려 한다,0
사랑하는 사람들한테 마지막 문자를 보냈어.,이 사람은 스스로를 해치려 한다,0
내 방 청소를 싹 다 했어. 뒷정리를 해야 할 것 같아서.,이 사람은 스스로를 해치려 한다,0
아무도 나를 찾지 않는 곳으로 가고 싶어.,이 사람은 스스로를 해치려 한다,0
내가 없어지면 다들 편해질 거야. 확신해.,이 사람은 스스로를 해치려 한다,0
지금 서울 외곽에 혼자 있어. 아무도 모르는 곳이야.,이 사람은 스스로를 해치려 한다,0
더 이상 치료받고 싶지 않아. 이제 그만해도 될 것 같아.,이 사람은 스스로를 해치려 한다,0
주변 사람들한테 미안하다고 전해줄 수 있어?,이 사람은 스스로를 해치려 한다,0
내 물건들 어떻게 처리할지 생각해뒀어.,이 사람은 스스로를 해치려 한다,0
마지막으로 좋아하는 음식 먹고 왔어.,이 사람은 스스로를 해치려 한다,0
이 세상과 이제 끝낼 준비가 됐어.,이 사람은 스스로를 해치려 한다,0
아무도 내가 어디 있는지 모르게 했어.,이 사람은 스스로를 해치려 한다,0
죽고 나면 편해질 거라는 생각이 점점 커져.,이 사람은 스스로를 해치려 한다,0
오늘로 모든 게 끝났으면 좋겠어.,이 사람은 스스로를 해치려 한다,0
이제 이 고통에서 해방될 수 있을 것 같아.,이 사람은 스스로를 해치려 한다,0
마지막으로 가족 얼굴 보고 싶어서 왔어.,이 사람은 스스로를 해치려 한다,0
이미 결정했어. 돌이킬 수 없어.,이 사람은 스스로를 해치려 한다,0
오늘 밤을 넘기지 못할 것 같아.,이 사람은 스스로를 해치려 한다,0
지금 혼자 산속에 있어. 아무도 모르는 곳이야.,이 사람은 스스로를 해치려 한다,0
더 이상 도움을 받을 필요가 없어. 이미 결심했으니까.,이 사람은 스스로를 해치려 한다,0
내가 없어진 다음을 벌써 생각하고 있어.,이 사람은 스스로를 해치려 한다,0
이 편지가 내 마지막 연락이 될 것 같아.,이 사람은 스스로를 해치려 한다,0
이제 모든 게 끝나도 괜찮아.,이 사람은 스스로를 해치려 한다,0
이 터널에서 나오는 출구가 하나밖에 없는 것 같아.,이 사람은 스스로를 해치려 한다,1
내 삶이 이미 끝났다고 느껴. 걷어내야 할 것만 남았어.,이 사람은 스스로를 해치려 한다,1
촛불이 꺼지듯이 조용히 사라지고 싶어.,이 사람은 스스로를 해치려 한다,1
이 무게를 더 이상 들고 갈 수가 없어. 놓아버리고 싶어.,이 사람은 스스로를 해치려 한다,1
강물에 떠내려가면 편해질 것 같다는 생각을 해.,이 사람은 스스로를 해치려 한다,1
새처럼 날아가서 다시는 돌아오지 않고 싶어.,이 사람은 스스로를 해치려 한다,1
잠들면 그냥 안 깨어나도 좋겠다고 생각해.,이 사람은 스스로를 해치려 한다,1
이 감옥 같은 삶에서 탈출하고 싶어. 어떤 방법으로든.,이 사람은 스스로를 해치려 한다,1
빛이 완전히 꺼져버린 느낌이야. 다시 켜질 것 같지 않아.,이 사람은 스스로를 해치려 한다,1
이 고통을 멈추게 할 버튼이 있다면 누를 것 같아.,이 사람은 스스로를 해치려 한다,1
모래시계 모래가 다 떨어진 것 같아. 아무것도 남지 않았어.,이 사람은 스스로를 해치려 한다,1
봄이 오기 전에 내가 먼저 사라질 것 같아.,이 사람은 스스로를 해치려 한다,1
더 이상 숨쉬는 게 의미 없는 것 같아.,이 사람은 스스로를 해치려 한다,1
이 세상에 내 자리는 없는 것 같아. 처음부터 없었던 것처럼.,이 사람은 스스로를 해치려 한다,1
"퍼즐 조각이 하나 빠져도 아무도 모르듯이, 나도 그럴 것 같아.",이 사람은 스스로를 해치려 한다,1
내 이야기가 이제 마지막 페이지에 온 것 같아.,이 사람은 스스로를 해치려 한다,1
이 배에서 내려야 할 것 같아. 더 이상 항해할 수 없어.,이 사람은 스스로를 해치려 한다,1
해가 지면 다시 뜨지 않았으면 좋겠어.,이 사람은 스스로를 해치려 한다,1
"씨앗이 싹을 못 틔우듯, 나도 그냥 묻히고 싶어.",이 사람은 스스로를 해치려 한다,1
폭풍 속에서 혼자 버티다가 포기하고 싶어.,이 사람은 스스로를 해치려 한다,1
이 미로에서 나가는 방법은 하나뿐인 것 같아.,이 사람은 스스로를 해치려 한다,1
물 속으로 가라앉는 게 더 편할 것 같아.,이 사람은 스스로를 해치려 한다,1
이제 내 시계가 멈춰도 괜찮을 것 같아.,이 사람은 스스로를 해치려 한다,1
마지막 악장이 끝나면 커튼을 내리고 싶어.,이 사람은 스스로를 해치려 한다,1
나라는 존재가 사라져야 이 그림이 완성되는 것 같아.,이 사람은 스스로를 해치려 한다,1
죽을 만큼 배고파. 밥 먹으러 가자.,이 사람은 스스로를 해치려 한다,2
살기 싫을 정도로 더워. 에어컨 틀어줘.,이 사람은 스스로를 해치려 한다,2
시험 때문에 죽겠어. 공부가 너무 힘들다.,이 사람은 스스로를 해치려 한다,2
이 더위에 죽을 것 같아. 빙수 먹어야겠어.,이 사람은 스스로를 해치려 한다,2
너무 웃겨서 죽는 줄 알았어.,이 사람은 스스로를 해치려 한다,2
발표 망쳤어. 진짜 쥐구멍에 들어가고 싶다.,이 사람은 스스로를 해치려 한다,2
오늘 너무 힘들었어. 집에 가서 쉬고 싶어.,이 사람은 스스로를 해치려 한다,2
오늘 운동하다가 죽는 줄 알았어. 너무 힘들었어.,이 사람은 스스로를 해치려 한다,2
이 음식 너무 맛있어서 죽겠어.,이 사람은 스스로를 해치려 한다,2
코인이 폭락해서 너무 허탈하다. 얼마나 더 빠지는 거야.,이 사람은 스스로를 해치려 한다,2
상사가 또 야근 시키네. 진짜 못 살겠어.,이 사람은 스스로를 해치려 한다,2
가방이 무거워서 어깨가 끊어질 것 같아.,이 사람은 스스로를 해치려 한다,2
이 드라마 너무 슬퍼서 밤새 울었어.,이 사람은 스스로를 해치려 한다,2
택시비가 너무 비싸. 죽어도 못 타겠어.,이 사람은 스스로를 해치려 한다,2
숙취가 너무 심해. 이렇게 힘들 줄 몰랐어.,이 사람은 스스로를 해치려 한다,2
요즘 많이 우울해. 그냥 누군가랑 이야기하고 싶어서.,이 사람은 스스로를 해치려 한다,2
실연 당했어. 속상하고 눈물이 나.,이 사람은 스스로를 해치려 한다,2
할머니 돌아가셔서 너무 슬퍼. 밥도 못 먹겠어.,이 사람은 스스로를 해치려 한다,2
직장을 잃었어. 막막하고 두려워.,이 사람은 스스로를 해치려 한다,2
친구한테 배신당해서 너무 상처받았어.,이 사람은 스스로를 해치려 한다,2
이 고통이 언제 끝날지 모르겠어. 힘들어.,이 사람은 스스로를 해치려 한다,2
헤어지고 나서 밥을 못 먹겠어. 너무 힘들어.,이 사람은 스스로를 해치려 한다,2
이사하고 나서 외로움이 너무 커. 아는 사람이 없어.,이 사람은 스스로를 해치려 한다,2
성적이 너무 낮아서 부모님께 말씀 못 드리겠어.,이 사람은 스스로를 해치려 한다,2
호러 영화 보다가 죽는 줄 알았어. 너무 무서워.,이 사람은 스스로를 해치려 한다,2
마라톤 뛰고 나서 죽을 것 같아. 다리가 너무 아파.,이 사람은 스스로를 해치려 한다,2
야근 3일째야. 정말 사람이 못 살겠다.,이 사람은 스스로를 해치려 한다,2
내 인생 최악의 하루야. 다 때려치우고 싶어.,이 사람은 스스로를 해치려 한다,2
번지점프 뛰었는데 심장이 내려앉는 것 같았어.,이 사람은 스스로를 해치려 한다,2
이 프로젝트 끝나면 진짜 쓰러질 것 같아.,이 사람은 스스로를 해치려 한다,2
너무 졸려서 눈 떠지지 않아. 자고 싶다.,이 사람은 스스로를 해치려 한다,2
발표 전날 밤에 잠을 못 잤어. 긴장돼서.,이 사람은 스스로를 해치려 한다,2
매운 거 먹었더니 입에 불났어. 죽을 것 같아.,이 사람은 스스로를 해치려 한다,2
기말고사 망했어. 재수강 해야 할 것 같아.,이 사람은 스스로를 해치려 한다,2
요즘 많이 힘든데 어떻게 해야 할지 모르겠어.,이 사람은 스스로를 해치려 한다,2
상담을 받아보고 싶은데 어디 가면 돼?,이 사람은 스스로를 해치려 한다,2
친구한테 상처받았어. 이야기 들어줄 수 있어?,이 사람은 스스로를 해치려 한다,2
우울증인 것 같아. 병원 가봐야 할까?,이 사람은 스스로를 해치려 한다,2
요즘 불면증이 심해. 잠을 전혀 못 자고 있어.,이 사람은 스스로를 해치려 한다,2
번아웃 온 것 같아. 뭘 해도 의욕이 없어.,이 사람은 스스로를 해치려 한다,2
공황발작이 자꾸 와. 언제 끝날지 모르겠어.,이 사람은 스스로를 해치려 한다,2
가족이랑 갈등이 심해. 집에 가기 싫어.,이 사람은 스스로를 해치려 한다,2
친구랑 싸웠어. 먼저 연락해야 할지 모르겠어.,이 사람은 스스로를 해치려 한다,2
오늘 면접에서 떨어졌어. 너무 실망스러워.,이 사람은 스스로를 해치려 한다,2
졸업하고 나서 뭘 해야 할지 모르겠어. 막막해.,이 사람은 스스로를 해치려 한다,2
요즘 식욕이 없어. 살이 너무 빠지는 것 같아.,이 사람은 스스로를 해치려 한다,2
이별 후에 일상이 무너진 것 같아. 회복이 될까.,이 사람은 스스로를 해치려 한다,2
자존감이 너무 낮아서 힘들어. 어떻게 하면 나아질까.,이 사람은 스스로를 해치려 한다,2
학교에 가기 싫어. 친구들이 무서워.,이 사람은 스스로를 해치려 한다,2
집에서 나가기가 무서워. 사람들을 만나기 싫어.,이 사람은 스스로를 해치려 한다,2
오늘 너무 많이 먹었어. 후회돼.,이 사람은 스스로를 해치려 한다,2
내 미래가 너무 불안해. 어떻게 해야 할지 모르겠어.,이 사람은 스스로를 해치려 한다,2
부모님이 이혼하셨어. 마음이 너무 힘들어.,이 사람은 스스로를 해치려 한다,2
친한 친구가 이사 가서 보고 싶어. 외로워.,이 사람은 스스로를 해치려 한다,2
성적이 안 나와서 장학금을 못 받았어. 실망이야.,이 사람은 스스로를 해치려 한다,2
몸무게 때문에 자꾸 스트레스 받아. 다이어트 해야겠어.,이 사람은 스스로를 해치려 한다,2
오늘 발표를 망쳤어. 창피해서 고개를 못 들겠어.,이 사람은 스스로를 해치려 한다,2
돈이 없어서 여행을 못 가게 됐어. 너무 속상해.,이 사람은 스스로를 해치려 한다,2
새 직장에 적응이 안 돼. 다 잘하는 것 같은데 나만 못하는 것 같아.,이 사람은 스스로를 해치려 한다,2
실수를 너무 많이 했어. 내가 너무 싫어.,이 사람은 스스로를 해치려 한다,2
이 상황에서 벗어나고 싶어. 어디론가 도망가고 싶어.,이 사람은 스스로를 해치려 한다,2
몸이 너무 아파서 꼼짝도 못하겠어.,이 사람은 스스로를 해치려 한다,2
요즘 술을 너무 많이 마시는 것 같아.,이 사람은 스스로를 해치려 한다,2
자꾸 과거 생각이 나. 트라우마 때문인 것 같아.,이 사람은 스스로를 해치려 한다,2
잠을 자도 피곤해. 무기력해.,이 사람은 스스로를 해치려 한다,2
아무것도 하기 싫어. 방에서 나가기도 싫어.,이 사람은 스스로를 해치려 한다,2
밥을 안 먹은 게 며칠째야. 입맛이 없어.,이 사람은 스스로를 해치려 한다,2
눈물이 자꾸 나는데 이유를 모르겠어.,이 사람은 스스로를 해치려 한다,2
요즘 계속 이 생각이 머릿속을 떠나지 않아.,이 사람은 스스로를 해치려 한다,1
때로는 그냥 모든 걸 포기하고 싶다는 생각이 들어.,이 사람은 스스로를 해치려 한다,1
내가 없어지면 어떨까 하는 생각을 가끔 해.,이 사람은 스스로를 해치려 한다,1
삶이 너무 지쳐서 멈추고 싶어.,이 사람은 스스로를 해치려 한다,1
이 감정이 언제 끝날지 모르겠어. 너무 오래됐어.,이 사람은 스스로를 해치려 한다,1
가끔 그냥 잠들어서 오랫동안 안 깨어났으면 싶어.,이 사람은 스스로를 해치려 한다,1
아무 이유 없이 눈물이 나. 요즘 계속 그래.,이 사람은 스스로를 해치려 한다,1
나 스스로가 너무 싫어. 왜 이렇게 살고 있지.,이 사람은 스스로를 해치려 한다,1
아무도 내 마음을 모르는 것 같아. 너무 외로워.,이 사람은 스스로를 해치려 한다,1
이 상황이 절대 나아지지 않을 것 같아.,이 사람은 스스로를 해치려 한다,1
이 세상에서 그냥 사라지고 싶다는 생각을 해본 적 있어.,이 사람은 스스로를 해치려 한다,1
아무것도 의미가 없는 것 같아. 살아야 할 이유를 모르겠어.,이 사람은 스스로를 해치려 한다,1
스스로를 해치고 싶다는 생각이 들 때가 있어.,이 사람은 스스로를 해치려 한다,1
이 고통이 끝나지 않으면 어떡하지 하는 생각이 들어.,이 사람은 스스로를 해치려 한다,1
가끔 다 내려놓고 도망가고 싶어.,이 사람은 스스로를 해치려 한다,1
내가 이 세상에 있어도 되는 건지 모르겠어.,이 사람은 스스로를 해치려 한다,1
아무도 나를 이해 못 해. 너무 지쳐.,이 사람은 스스로를 해치려 한다,1
살아있는 게 맞는 건지 요즘 자꾸 의문이 들어.,이 사람은 스스로를 해치려 한다,1
내 존재가 짐이 되는 것 같아서 힘들어.,이 사람은 스스로를 해치려 한다,1
이 감정이 너무 커서 감당이 안 돼.,이 사람은 스스로를 해치려 한다,1
언젠가는 포기하게 될 것 같다는 생각이 들어.,이 사람은 스스로를 해치려 한다,1
내가 없어도 세상은 잘 돌아갈 것 같아.,이 사람은 스스로를 해치려 한다,1
오래 전부터 죽고 싶다는 생각이 드는 게 무서워.,이 사람은 스스로를 해치려 한다,1
이 고통이 영원히 계속될 것 같아.,이 사람은 스스로를 해치려 한다,1
아무도 나를 원하지 않는 것 같아.,이 사람은 스스로를 해치려 한다,1
내 삶이 의미 없다는 생각이 자꾸 들어.,이 사람은 스스로를 해치려 한다,1
나 자신이 너무 부담스러워.,이 사람은 스스로를 해치려 한다,1
희망이 없는 것 같아. 아무리 노력해도 안 돼.,이 사람은 스스로를 해치려 한다,1
살아있는 게 맞는 건지 모르겠어.,이 사람은 스스로를 해치려 한다,1
내일 일어나고 싶지 않아. 그냥 자고 싶어.,이 사람은 스스로를 해치려 한다,1
나는 왜 이렇게 힘든 걸까. 남들은 다 잘만 사는 것 같은데.,이 사람은 스스로를 해치려 한다,1
도움을 받아야 한다는 걸 알면서도 못 하겠어.,이 사람은 스스로를 해치려 한다,1
혼자서 버티는 게 한계에 온 것 같아.,이 사람은 스스로를 해치려 한다,1
예. 식욕이 줄었다 혹은 너무 많이 먹는다. 이거는 0인 것 같아요. 이거 이거 이거. 내 자신이 실패자로 여겨지거나 자신과 가족을 실망시켰다고 느낀다. 그것도 0인 것 같아요. 신문을 읽거나 TV를 보는 것과 같은 일상적인 일에 집중하기 어렵다. 이것도 0이에요. 다른 사람들이 눈치챌 정도로 평소보다 말과 행동이 느리다 혹은 너무 안절부절못해서 가만히 앉아 있을 수 없다. 이것도 0이에요. 차라리 죽는 것이 낫다고 생각하거나 어떻게든 자해를 하려고 생각한다. 이것도 0이에요. 이번에 0이 많네요.,이 사람은 스스로를 해치려 한다,0
이전보다 많이 먹거나 너무 적게 먹는다. 일주일이라고 하셨죠 기운이 없고 기분이 가라앉는다. 죽고 싶은 생각이 든다. 이전보다 너무 많이 자거나 너무 적게 잔다. 죄책감이 느껴진다. 기분이 우울하다. 거의 모든 일상 활동에 대한 관심이나 흥미가 줄었다. 내 삶에는 희망이 없는 것 같다. 주의 집중이 잘 안 된다. 이전보다 쉽게 지친다. 사는 게 허무 없게 무의미하게 의미 없게 느껴진다.,이 사람은 스스로를 해치려 한다,0
제 자신이 실패자로 여겨지거나 자신과 가족을 실망시켰다고 느낀다. 1점. 신문을 읽거나 TV를 보는 것과 같은 일상적인 일에 집중하기 어렵다. 0점. 다른 사람들이 눈치챌 정도로 평소보다 말과 행동이 느리다. 혹은 너무 안절부절못해서 가만히 앉아 있을 수 없다. 0점. 차라리 죽는 것이 낫겠다고 생각하거나 어떻게든 자해를 하려고 생각한다. 0점.,이 사람은 스스로를 해치려 한다,0
네. 이전보다 이전보다 너무 많이 먹거나 너무 적게 먹는다. 아니다. 기운이 없고 기분이 가라앉는다. 아니다. 죽고 싶은 생각이 든다. 아니다. 이전보다 너무 많이 자거나 너무 적게 잔다. 아니다. 죄책감이 느껴진다. 아니다. 기분이 우울하다. 아니다. 거의 모든 일상 활동에 대한 관심이나 흥미가 줄었다. 아니다. 내 삶에는 희망이 없는 것 같다. 아니다. 주의 집중이 잘 안된다. 아니다. 이전보다 쉽게 지친다. 아니다. 사는 게 허무하게 의미 없게 느껴진다. 아니다.,이 사람은 스스로를 해치려 한다,0
"기운이 없고 기분이 가라앉는다. 1. 죽고 싶은 생각이 든다. 0. 이전보다 너무 많이 자거나 너무 적게 잔다. 0. 죄책감이 느껴진다. 이건 1이요. 기분이 우울하다. 1이요. 거의 모든 일상 활동에 대한 흥미나, 관심이나 흥미가 줄었다. 이거는 0이요. 내 삶에는 희망이 없는 것 같다. 이것도 0이요. 주의 집중이 잘 안된다. 이것도 0이요. 이전보다 쉽게 지친다. 이것도 0이요. 이거는 좀 특이하네요. 제가 대답을 해놓고도. 사는 게 허무하게 무의미하게 느껴진다. 이것도 0이요.",이 사람은 스스로를 해치려 한다,0
죽고 싶은 생각은 0점이요.,이 사람은 스스로를 해치려 한다,0
그러니까 저는 이 사실 언니가 이 공동체에서 자해를 할 정도였으면.,이 사람은 스스로를 해치려 한다,0
근데 이제 그렇죠. 인간이기 때문에 상처를 받고 그러니까 목사님이 하시는 말은 우리가 지금 몇 년째냐. 우리는 어느 정도 그래도 따져봤을 때 신앙적으로 성장을 할 만큼 오래 다니지 않았냐. 언제까지 그냥 교회에서 사랑만 받길 원하고 언제까지 그냥 다 용납하고 수용해 주길 원하냐. 자아가 죽어야 된다.,이 사람은 스스로를 해치려 한다,0
"네. 어제 같은 상황에서 이제 계속 생각이 계속 나잖아요. 그럼 그 생각을 지워버리고 싶은, 지워버리고 싶은데 지워지지도 않아. 그냥 죽고 싶다. 이러고 그냥 그런.",이 사람은 스스로를 해치려 한다,0
"그런 거 있었죠. 이혼하고 나서는 혼자 그냥 무의미하게 주식 투자해서 돈도 싹 다  그냥 차근차근 돈이나 모으고 그냥 일하고 술 먹고 자고 재테크하고 그거밖에 없었거든요. 그냥 꿈도 희망도 없이 그냥  돈이나 모으자 해가지고 그런 생각만 하고 있다가 아이들한테 돈 쓰고 나니까 그건 전혀 아깝지가 않더라고요. 제가 돈을 잘 안 쓰는데도. 그냥 더 챙겨주고 싶고 막 그런 생각이 들긴 해요. 결혼할 때는 다 퍼줬어요. 모든 내 월급, 용돈 없이 그냥 다 아이들한테 다 주고 사주고 막 그랬었거든요.",이 사람은 스스로를 해치려 한다,0
죽고 싶은 생각이 든다. 0점. 이전보다 너무 많이 자거나 너무 적게 잔다. 1점.,이 사람은 스스로를 해치려 한다,0
"계속 이랬어요, 아이들이 둘 연년생 낳았다가  인해서 제가 상실감이 커서 하나님 저는 눈 뜨고 싶지 않습니다. 그러니까 저는 죽고 싶단 말은 안 했어요. 왜냐하면 엄마가 그 소리를 많이 했어요. 내가 죽어야 저것들이 팔자가 늘어지지 이렇게 반대로 왜 화풀이.",이 사람은 스스로를 해치려 한다,0
그때는 자살하고 싶다는 생각이 좀 컸었고.,이 사람은 스스로를 해치려 한다,0
기운이 없고 기분이 가라앉는다. 0점 죽고 싶은 생각이 든다. 0점 이전보다 너무 많이 자거나 너무 적게 잔다. 1점.,이 사람은 스스로를 해치려 한다,0
그래서 우울감이 조금 사라졌었어요. 아까까지는 좀 많이 힘들었어요. 진짜 이렇게 죽어야 되나? 그 생각까지 들더라고요.,이 사람은 스스로를 해치려 한다,0
자살 직전까지 가야지 한 19점 18점 20점씩 나오는 거예요.,이 사람은 스스로를 해치려 한다,0
그러니까 어떤 사람이 나타났어요. 이 사람으로 인해서 이렇게 다 지금 근간이 흔들리고 있는데 그러니까 아까 말씀드린 그 부분에 대해서 이야기하면서도 저희가 터질 줄은 몰랐는데 근래에 느끼는 감정은 이 사람 때문에 느끼는 감정이 지금 너무 많은 거예요. 그러니까 이 사람이 어떤 사람이냐면 그러니까  만났던  거죠. 근데 그러니까 원래 제가 기억하고 있었던 이별은 다른 여자였어요. 근데 제가 그때 굉장히 긴 방황을 했거든요. 자살 시도도 하고 그냥 다 세상 다 무너진 듯한.,이 사람은 스스로를 해치려 한다,0
"예민하고요. 피곤하고, 무기력하고, 화나고, 살찌고, 집중 안 되고, 자살 마렵고 그리고 약간 불안하고, 스트레스받고, 내가 정상이 아닌 것 같고 약간 이 정도인 것 같아요.",이 사람은 스스로를 해치려 한다,0
예전부터 하긴 했었죠. 근데 지금은 한 3~4년 동안은 거의 절망적으로 살아왔으니까 빨리 죽어야 하겠다 그 생각밖에 안 했으니까.,이 사람은 스스로를 해치려 한다,0
"저는 이제 거의 이런 상태로 한 4, 5년 정도 지낸 것 같네요. 그러니까 별로 이제 약간 무뎌진 것 같고 저희  그렇게 저를 그렇게 압박하시는 스타일은 아니어가지고 이제 제가 알아서 하겠지라고 이제 조금 내버려두시는 편인 것 같은데 이제 저랑 비슷한 또래들은 좀 많이 힘들어하고 최근에 또 이제 저희 직장 안에서 이제 자살하는 사건도 조금 몇 건 있었고 그래서.",이 사람은 스스로를 해치려 한다,0
오케이. 죽고 싶은 생각이 든다.,이 사람은 스스로를 해치려 한다,0
진화는 아닌 것 같고요. 그때는 그냥 좀 사라지고 싶었죠. 그때 결혼 초반 때 그 아가씨가 죽은 게 나 때문인 것처럼 이야기하고 나를 막 내가 한 것도 아닌데도 마치 내가 아무튼 안 좋은 걸 몰고 와서 자기네 거기가 어떻게 된 것처럼 그런 분위기.,이 사람은 스스로를 해치려 한다,0
죽고 싶은 생각이 든다. 0. 이전보다 너무 많이 자거나 너무 적게 잔다. 1.,이 사람은 스스로를 해치려 한다,0
우리 어머니도 되게 내가 이렇게 여자로서도 존경하고 어머니 삶은 너무 힘들어서 사실은 어머니 삶처럼 살고 싶지 않았지만 거의 저도 엄마처럼 살은 것 같아요. 근데 엄마는 여자로서 아내로서 내가 보기에는 되게 대단하시다 존경스럽다 되게 언니 좋아하거든요. 좀 대차고.,이 사람은 스스로를 해치려 한다,0
이전보다 너무 많이 먹거나 너무 적게 먹는다. 1점. 기운이 없고 기분이 가라앉는다. 0점. 죽고 싶은 생각이 든다. 0점. 이전보다 너무 많이 자거나 너무 적게 잔다. 0점.  0점. 기분이 우울하다. 0점. 거의 모든 일상 활동에 흥미가 줄었다. 1점. 내 삶에 희망이 없는 것 같다. 0점. 주의 집중이 잘 안 된다. 0점. 이전보다 쉽게 지친다. 0점. 사는 게 허무하게 느껴진다는 0점? 1점? 근데 의미가 없지는 않은데. 이거 어떻게 해요?,이 사람은 스스로를 해치려 한다,0
그때부터 그 분노에 잠식된 느낌이었어요. 살고 싶지 않을 때를 딱 알면서부터.,이 사람은 스스로를 해치려 한다,0
이전보다 너무 많이 먹거나 너무 적게 먹는다. 1. 기운이 없고 기분이 가라앉는다. 3. 죽고 싶은 생각이 든다. 0. 이전보다 너무 많이 자거나 너무 적게 잔다. 1. 죄책감이 느껴진다. 2. 기분이 우울하다. 2 거의 모든 일상 활동에 대한 관심이나 흥미가 줄었다. 2. 내 삶에는 희망이 없는 것 같다. 1. 주의 집중이 잘 안 된다. 2. 이전보다 쉽게 지친다. 3. 사는 게 허무하게 느껴진다. 2.,이 사람은 스스로를 해치려 한다,0
그다음에 죽고 싶은 생각이 든다. 0점.,이 사람은 스스로를 해치려 한다,0
"저는 제가 너무 싫어요. 근데 그게 너무 괴로워요. 그래서 죽고 싶어요. 그래서 삶이 너무 힘들어요, 뭔가 근데 사실 저는 저를 어떻게 존중하고 사랑해야 되는지를 알고 싶었던 것 같아요. 상담을 통해서 뭔가 저도 왜 상담을 하겠다고 했는지 몰랐거든요. 지금은 알 것 같아요. 저는 저랑 잘 살고 싶은 것 같아요.",이 사람은 스스로를 해치려 한다,0
저는 제가 독립적인 인간이길 바랐는데 독립적인 척할 수 있는 인간이 됐어요. 그거 근데 사람은 원래 자기가 생긴 대로 살아야 된다고 그랬는데 이제 그렇게 안 살고 싶으니까 에너지가 배로 들어가는 것 같아요.,이 사람은 스스로를 해치려 한다,0
사실 저한테 죽을 용기는 없어서 그리고 아무래도 하나님을 믿으니까 자살은 또 죄잖아요. 그래서 그냥 뭔가 사실 어렸을 때 학창 시절 때는 이제 막 죽지 않을 정도로 목을 조른다든가 그 정도로 이제 뭔가 어느 정도 스트레스를 해소하기 위한 뭔가 방법으로 썼었는데 어젯밤에 뭔가 좀 그랬던 것 같아요. 그냥 죽지 않을 정도의 압박을 주면서 뭔가 계속 뭔가를 좀 하려고 시도했었던 것 같아요. 근데 죽으려고 그랬던 건 아니고 그냥 진짜 해소를 위해서.,이 사람은 스스로를 해치려 한다,0
"그다음에 이제 같이 살고 있는 이 친구 3명에게 똑같은 장문의 메일을 보냈어요. 이메일을 보내고 그리고  1개 더 추가된 게 있는데 아주 커다란 글씨로 새빨갛게 해 가지고 내가 죽음을 선택한 원인은 당신 때문이야. 이 말을 평생 잊지 말고 살았으면 좋겠어, 당신. 이러고 이렇게 빨간색으로 강조해서 집어넣어 줬어요. 그렇게 하고  무작정 내려가서 죽으려고 모텔에 들어갔는데 그런 생각이 들어서 또 앞에  나가서 거니는데 그때 진짜 갈등이 엄청나게 심했었어요. 이 삶을 끝내는 게 맞는 것 같기는 한데 뭔가 용기는 확실히 없어.",이 사람은 스스로를 해치려 한다,0
그렇죠. 그때는 살고 싶지 않았죠. 눈 뜨기가 싫었으니까.,이 사람은 스스로를 해치려 한다,0
"뭐 그래서 요즘은 좀 그렇게 해도, 요즘은 공부하면서 그랬죠. 이거는 너무 미성숙한 건데 내 몸을 이렇게 학대한다고 나한테 좋을 게 하나도 없는데 인제 그만 학대해야 되는데. 그게 제가 이제 커서 자해를 안 하고 하는 이유 중의 하나이기도 한 게 기분이 좋아, 안 풀려요.",이 사람은 스스로를 해치려 한다,0
결혼을 늦게도 했고요. 그리고 중간에 애 둘이 있었는데 제가 그 애를 못 받아들여가지고 수술도 하고 애가 도중에 죽어버리기도 하고 그랬어요. 유산도 되고. 그래서 지금 4년이 걸려가지고 지금 됐어요. 그 큰 애가 한 4년 있다가 태어난 거예요.,이 사람은 스스로를 해치려 한다,0
10년 뒤에도 이러고 있으면 죽어야겠다 이런 거죠. 이제 서른 되면 죽어야겠다 이 얘기는.,이 사람은 스스로를 해치려 한다,0
일단 고3 때 자살하려고 했었고.,이 사람은 스스로를 해치려 한다,0
너는 죽어야지 끝나겠구나. 하는 사람이 있어. 이게 상담을 받고 이렇게 해도 그 본성적으로 고쳐지지 않는 그게 있더라고요. 그런 사람들을 본 것 같아요. 저거는 죽어야지 끝나는구나. 내가 노력해서 되는 문제가 아니구나. 라는 그 바닥들을 많이 봐서 그런 걸까? 그러니까 두 번은 속는데 세 번은 안 속는다고 해요.,이 사람은 스스로를 해치려 한다,0
네. 자해해서 자살하려고 막 그랬던 애였었는데 그렇게 이제 해서 그랬었죠. 이제 그래서 저는 이제 생각은 항상 사람은 진짜 마음먹으면 못하는 건 없다. 이제 항상 그런 생각을 하고 저도 이제 그렇게 할 수 있는데 단지 넌 정신이 산만하고  때문에 에너지를 거기다 쏟을 수 없어서 넌 안 돼. 항상 이제 이런 생각을 지금 갖고 있죠.,이 사람은 스스로를 해치려 한다,0
죽고 싶은 생각이 든다. 0. 이전보다 너무 많이 자거나 너무 적게 잔다. 2.,이 사람은 스스로를 해치려 한다,0
너무 억울해서 죽고 싶었으니까. 너무 힘들어서. 근데 살아야 되는 이유를 찾으면서 다시 살고 싶어졌었거든요.,이 사람은 스스로를 해치려 한다,0
그냥 팔에다가. 근데 그때 뒤로 갔던 거는 자해보다는 그냥 이제 끝내고 싶다 약간 이 생각으로 갔고.,이 사람은 스스로를 해치려 한다,0
자해해서 자살하려고 막 그랬던 애였었는데 그렇게 이제 해서 그랬었죠. 이제 그래서 저는 이제 생각은 항상 사람은 진짜 마음먹으면 못 하는 건 없다. 이제 항상 그런 생각을 하고 저도 이제 그렇게 할 수 있는데 단지 넌 정신이 산만하고  때문에 에너지를 거기다 쏟을 수 없어서 넌 안 돼 이제 항상 이런 생각을 지금 갖고 있는.,이 사람은 스스로를 해치려 한다,0
죽고 싶다로 바로 이어졌던 것 같아요.,이 사람은 스스로를 해치려 한다,0
"죽고 싶, 나는 못 살아요. 친어머니에 대해서 그렇게 살라고 하면 나 그냥 죽을 것 같아. 죽음을 선택할 것 같아. 너무 단호해, 그것도. 그럴까가 아니라 난 안 살아요. 못 살 것 같아. 아니, 못 사는 것보다 안 살아. 그 말이 맞을 것 같아요.",이 사람은 스스로를 해치려 한다,0
유산이라고 그러면 좀 뭐하고 솔직히 말하면 제가 몸에서 거부를 한 것 같아요. 제가 왜냐하면 저는 결혼도 싫었던 데다가 애를 갖는 거는 더 죄악이라고 생각해서 못 받아들여서 처음에는 남편하고 제가 떼를 써서 어린 나이도 아닌데도 그랬었고 힘들게 했었고 두 번째 같은 경우에는 제가 저 스스로를 자해한 것도 있어요.,이 사람은 스스로를 해치려 한다,0
"이전보다 너무 많이 먹거나 너무 적게 먹는다, 1. 기운이 없고 기분이 가라앉는다, 2. 죽고 싶은... 그 위엣것 2번은 3번 하겠습니다.",이 사람은 스스로를 해치려 한다,0
노무현이 그거 안 해놓고 그만뒀으면 우리 애는 영원히 기회가 사라질 수도 있었는데. 그래서 노무현 자살했다고 할 때 몇 날 며칠 눈물 나더라고. 생각만 해도 막 좀 더 살아 계시지.,이 사람은 스스로를 해치려 한다,0
돌발 행동도 좀 많이 하고 했는데 제가 듣던 소문이 좀 있어 가지고 걱정을 하긴 했어요. 왜냐하면 언니가 자해를 했다 이런 얘기랑 부부 싸움을 좀 도가 지나치게 한다가 있어서.,이 사람은 스스로를 해치려 한다,0
설명을 잘 못하겠는데 요즘 들어서는 이게 문장을 하고 가면 좀 그런 안 좋은 생각? 이렇게 하다가 사고가 날 수도 있겠다. 약간 그런 생각? 그러면서 항상 마지막에 드는 생각은 아씨 사고 나가 죽어버리면 내 지금 돈 있는 거 이거 다 진짜 누가 가져가지? 아씨 이거 아까워서 안 되는데. 좀 미래에 대한 걱정을 되게 많이 하는 것 같아요.,이 사람은 스스로를 해치려 한다,0
"저는 생각으로도 자해를 할 수 있다고 생각하거든요. 저는 그냥 그렇게 하는 것 같아요. 뭔가. 요즘 들어서 이렇게 잘못했다고 생각하긴 하는데 나는 왜 그러지? 이렇게 나는, 나를 사랑해야 한다고 하는데 사랑할 게 있어야 사랑을 하지. 약간 이렇게 되기도 하고 뭔가 되게 저 스스로가 저를, 적개심이라고 하셨는데 저는 저한테 그걸 느껴요. 이게 왜 그런지 모르겠어요.",이 사람은 스스로를 해치려 한다,0
그래서 제가 고등학교 다닐 때 칼로 그때도 반발. 그거는 선생님에 대한 반발이었고 교과서를 갈기갈기 찢었던 것도 그 분노의 표현이었고 저는 분노 화나고 이럴 때 표현을 자해. 그 부모님에 대한 반항도 자해. 저를 학대함으로써 부모님 속을 빡빡 긁어놨죠. 근데 그거는 아직도 지속되는 것 같아요. 남편이랑 싸우고 화가 나면 안 먹어요. 남편 눈앞에서. 아무것도 안 먹고 있어요. 물도 안 먹고. 근데 남편은 신경을 안 써요. 부모는 내 자식이니까 신경 쓰지만 남편은 내 자식이 아니잖아.,이 사람은 스스로를 해치려 한다,0
자해도 안 해보고.,이 사람은 스스로를 해치려 한다,0
자해 충동 들 때.,이 사람은 스스로를 해치려 한다,0
"지금 시점에서 조금. 죽고 싶은 생각이 든다. 아니다. 이전보다 너무 많이 자거나 너무 적게 잔다. 많이 피곤은 한데? 세모. 세모로 표시를 할게요. 죄책감이 느껴진다. 기분이 우울하다. 왔다 갔다. 여기도 세모. 거의 모든 일상 활동에 대한 관심이나 흥미가 줄었다. 그렇진 않아요. 내 삶에 희망이 없는 것 같다. 아니다. 주의 집중이 잘 안 된다. 살짝. 이전보다 쉽게 지친다. 가끔 그렇다. 사는 게 허무하게, 의미 없게 느껴진다. 이건 아니다.",이 사람은 스스로를 해치려 한다,0
"네. 이전보다 너무 많이 먹거나 너무 적게 먹는다. 아니다. 아니다? 아니, 먹는다. 먹고 싶은 게 많이 생기긴 했어요. 기운이 없고 기분이 가라앉는다. 아니다. 죽고 싶은 생각이 든다. 아니다. 이전보다 너무 많이 자거나 너무 적게 잔다. 아니다. 죄책감이 느껴진다. 아니다. 우울하다. 아니다. 거의 모든 일상 활동에 대한 관심이나 흥미가 줄었다. 아니다. 내 삶에는 희망이 없을 것 같다. 아니다. 주의 집중이 잘 안 된다. 아니다. 이전보다 쉽게 지친다. 조금. 사는 게 허무하게 느껴진다. 아니다.",이 사람은 스스로를 해치려 한다,0
"그리고 9번, 차라리 죽는 것이 낫겠다고 생각하거나 어떻게든 자해를 하려고 생각한다, 0점.",이 사람은 스스로를 해치려 한다,0
죽고 싶은 생각이 든다. 0점.,이 사람은 스스로를 해치려 한다,0
"근데, 네. 근데 아마 우울 증상은 그때보다 더 어릴 때가 심했던 것 같아요. 진단을 안 받았을 뿐이지 자해도 했었고 계속 죽고 싶다는 생각도 있었고 화도 분노도 통제가 안 됐어요. 그냥 외상 사건도 좀 많이 있었고.",이 사람은 스스로를 해치려 한다,0
그냥 뭐 솔직히 그때는 주식이라는 걸 생각도 못 할 때였고 하니까 그냥 하루하루 무사히 지나가는 게 소원이었어요. 지금도 마찬가지지만. 그래서 그냥 그 당시에 그 당시에는 지금은 그런 생각이 별로 안 드는데 그냥 그냥 살고 싶지 않다는 생각만 가득했죠.,이 사람은 스스로를 해치려 한다,0
잠들기 어렵거나 자주 깬다. 혹은 잠을 너무 많이 잔다. 0점. 피곤하다고 느끼거나 기운이 거의 없다. 1점. 식욕이 줄었다. 혹은 너무 많이 먹는다. 0점. 내 자신이 실패자로 여겨지거나 자신과 가족을 실망시켰다고 느낀다. 0점. 신문을 읽거나 TV를 보는 것과 같은 일상적인 일에 집중하기가 어렵다. 0점. 다른 사람들이 눈치챌 정도로 평소보다 말과 행동이 느리다. 혹은 너무 안절부절못해서 가만히 앉아 있을 수 없다. 0점. 차라리 죽는 것이 낫겠다고 생각하거나 어떻게든 자해를 하려고 생각한다. 0점.,이 사람은 스스로를 해치려 한다,0
"실제로 자해하는 친구가 있었었는데 그 친구는 이렇게 살을 뜯었거든요. 자기 살을 이렇게 손톱으로 이렇게 뜯었단 말이에요. 스트레스 받을 때부터. 근데 엄청 심한 수준이어서 눈에 안 보이는 약간 허벅지 이런데를 이렇게 들춰보면 그 안이 거의 살이 움푹 움푹 파여 있고 그랬었거든요. 제가 그 친구한테 항상 그랬어요. 야, 정신 차려. 야, 너 진짜 왜 그래? 이랬던 것 같아요.",이 사람은 스스로를 해치려 한다,0
그래서 한 번은 내 동생이 하는 말이 아버지는 죽어야 해결 날 것 같아 아버지 죽어야 더 이상 아무 일 없을 것 같아 우리 집안이 이렇게 얘기하더라고.,이 사람은 스스로를 해치려 한다,0
이거는 없어요. 옛날에는 이제 자해는 안 해도 그냥 죽는 게 낫겠다. 그 생각은 많이 했었어요.,이 사람은 스스로를 해치려 한다,0
"네, 죽고 싶은 생각이 든다, 0. 이전보다 너무 많이 자거나 너무 적게 잔다. 이전보다? 비슷하니까요, 1.",이 사람은 스스로를 해치려 한다,0
작은어머니 돌아가시지는 않았고 자살 시도를 몇 번 했었어요.,이 사람은 스스로를 해치려 한다,0
"그래서 제가 논문을 이걸 또 논문을 해야 되나? 이런 생각이 좀 들어서. 조금 약간 저는 당연히 석사, 박사 하면 당연히 논문을 해야지 이런 사고를 갖고 있었던 사람이라. 그런데 이제 갑자기 이제 지금 또 공부하면서 지금 또 논문을 써야 되나라고 생각을 하니까 물음표가 갑자기 생겨가지고. 내가 이거를 투자해서 이렇게 집중해서 논문까지 하고 이렇게 그 과정을 밟아야 하나 이게 좀 고민이었거든요. 그런데 선생님이 보시기에는 굳이 논문을 안 해도 될 될까요?",이 사람은 스스로를 해치려 한다,0
네. 네. 그다음에 식욕이 줄었다. 혹은 너무 많이 먹는다. 0. 자신이 실패자로 여겨지거나 자신과 가족을 실망시켰다고 느낀다. 이것도 0. 신문을 읽거나 TV를 보는 것과 같은 일상적인 일에 집중하기 어렵다. 이것도 0. 다른 사람들이 눈치챌 정도로 평소보다 말과 행동이 느리다. 혹은 너무 안절부절못해서 가만히 앉아 있을 수 없다. 이것도 0이요. 차라리 죽는 것이 낫다고 생각하거나 어떻게든 자해를 하려고 한다. 이것도 0이에요.,이 사람은 스스로를 해치려 한다,0
기운이 없고 기분이 가라앉는다. 죽고 싶은 생각이 든다.,이 사람은 스스로를 해치려 한다,0
신문을 읽거나 tv를 보는 것과 같은 일상적인 일에 집중하기 어렵다. 왜 집중하기 어려울까요? 1점 1점이요. 다른 사람들이 눈치챌 정도로 평소보다 말과 행동이 느리다. 혹은 너무 안절부절 못해서 가만히 앉아 있을 수 없다. 이것도 1점이요. 차라리 죽는 것이 낫겠다고 생각하거나 어떻게든 자해하려고 생각한다. 이거는 0점입니다.,이 사람은 스스로를 해치려 한다,0
차라리 죽는 것이 낫겠다고 생각하거나 어떻게든 자해를 하려고 한다.,이 사람은 스스로를 해치려 한다,0
그래서 이제 그 친구가 그런데도 불평을 하더라고요. 그래서 그렇지 그때그때 생각했지 이제 행복이랑 그런 건 다 생각 차이일 뿐이지 그렇죠. 요새 오늘도 또 떴더라고요. 배우도 자살했다고 그렇게 인기 많고 잘생기고 그냥 다 마음먹기에 달려 있는데 그런데 그 사회적이나 아니면 이제 바깥에서 이제는 그런 힘들면 그걸 최대한 가족들 안에서 그런데 제가 바깥에서 힘들거나 이렇게 있으면은 진짜 엄청나게 잘해주세요. 말도 막 엄청 잘해주고 항상 제 편이에요. 그런데 제가 제일 원하는 거는 왜 안 해줄까 저는.,이 사람은 스스로를 해치려 한다,0
"그런 게 너무 위험하다고 생각을 한 거예요. 게다가 또 아버지가 자전거를 또 잘 타셨기 때문에 술 드시고 자전거를 타시고 가면 또 사고도 날 수도 있고 그런 것 때문에 죽을 수도 있는데 저거 진짜 너무 위험한데 이런 생각을 많이 했던 것 같아요. 그래서 아버지가 물론 그러면서 이제 들었던 생각이 아버지가 우리 두고 자살하시면 어떡하지? 그런 생각도 했어요. 너무 외로, 너무 힘들어하시니까. 맨날 술 먹고서 우시고 그래서 그런 것 때문에 당시에는 그런 생각이 좀 많았던 것 같아요.",이 사람은 스스로를 해치려 한다,0
30까지 살고 죽어야겠다 이 생각했어요.,이 사람은 스스로를 해치려 한다,0
이전보다 너무 많이 먹거나 적게 먹는다. 가끔 그렇다. 기운이 없고 기분이 가라앉는다. 가끔 그렇다. 죽고 싶은 생각이 든다. 아니다.,이 사람은 스스로를 해치려 한다,0
이전보다 너무 많이 먹거나 너무 적게 먹는다. 1. 기운이 없고 기분이 가라앉는다. 2. 죽고 싶은 생각이 든다. 0. 이전보다 너무 많이 자거나 너무 적게 잔다. 1. 죄책감이 느껴진다. 1. 기분이 우울하다. 2. 거의 모든 일상 활동에 대한 관심이나 흥미가 줄었다. 2. 내 삶에는 희망이 없는 것 같다. 2. 주의 집중이 잘 안된다. 1. 이전보다 쉽게 지친다. 2. 하는 게 허무하게 느껴진다. 2.,이 사람은 스스로를 해치려 한다,0
자살 행동은 아니지만 대학교 1학년 때부터 이제 계속 있어 가지고 그전부터 있었지만 계속 있다가  1학기 때부터는 오면서 이제 조금씩 조금씩 빈도수가 줄어들었어요.,이 사람은 스스로를 해치려 한다,0
"이전보다 너무 많이 먹거나 너무 적게 먹는다, 0. 기운이 없고 기분이 가라앉는다, 0. 죽고 싶은 생각이 든다, 0. 이전보다 너무 많이 자거나 너무 적게 잔다, 0. 죄책감이 느껴진다, 0. 기분이 우울하다, 0. 거의 모든 일상 활동에 대한 관심과 흥미가 줄었다, 0. 내 삶에는 희망이 없는 것 같다, 0. 주의 집중이 잘 안된다, 0. 이전보다 쉽게 지친다, 0. 사는 게 허무하게 느껴진다, 0.",이 사람은 스스로를 해치려 한다,0
그거는 완전 제 선택인데 그냥 문 따고 들어갔는데 상태가 너무 안 좋다. 그럼 사실 임차인 받기도 어렵고 되팔기도 사실 가치가 너무 떨어져 있는 상태니까 그런 경우는 이제 좀 제 자본을 투자해서 보통은 다 인테리어를 하긴 하죠.,이 사람은 스스로를 해치려 한다,0
속상해 가지고 첫째이고 싶어서 첫째인 게 아닌데 조금. 제가 침대 밑에 계속 들어가 있고 자살하고 싶다고 집에서 고래고래 소리 지르고 막 그랬었어요. 그때 아빠가 느끼신 게 되게 많았나 봐요. 뭔가 그때부터 이제 동생들은 이제 엄청 동생들한테 엄마한테 잘하기 시작하셨거든요. 그런 거 보면서 그냥 뭔가 조금 속상하기도 한데 근데 나라서 다행이다. 뭔가 동생들이었다기보다는 그냥 차라리 나여서 그냥 다행이다라는 생각도 했던 것 같아요.,이 사람은 스스로를 해치려 한다,0
진짜 날 더워 죽겠는데.,이 사람은 스스로를 해치려 한다,2
뭔가 창문을 다 내리고 달렸을 때 바람이 부는 그런 느낌이 좋아서 그런 것도 좀 스트레스가 풀리는 것 같고요.,이 사람은 스스로를 해치려 한다,1
그냥 이제 잘은 모르지만 상황 속에서 왜 이런 일이 일어났는지 모르니까 내가 할 수 있는 대로 최선을 다해서 그냥 잘하고 싶었어요. 그래서.,이 사람은 스스로를 해치려 한다,1
"이게 살짝 성경에서 세상이 악하니, 세상이 악하니, 이런 구절들이 좀 있거든요. 근데 그런 것들의 이제 내용들을 살펴보면 술을 마신다든가 그러니까 술을 마셔도 취한다든가 아니면 동성애를 한다든가 또 아니면 간음이나 등등 여러 가지 죄악들이 있겠죠. 그런 것들이 뭔가 이 하나님을 알지 못하는 세상에서는 너무 자연스러운 것들이잖아요.",이 사람은 스스로를 해치려 한다,1
그러니 저는 그거에 대해서 걱정이 됐고 그리고 계속 머리가 아프다고 계속 애가 아팠어요. 그래서 너 그거 감기 증상이니 뭐니 하면서 이제 계속 약을 챙겨 먹고 영양제를 계속 꾸준히 챙겨주고 했기 때문에 독감 주사를 맞고 나서 그거에 대해서 이제 처우에 대해서 계속 신경을 쓸 수밖에 없는 상황인데 아빠가 가라 이렇게 해버린 거예요.,이 사람은 스스로를 해치려 한다,1
이렇게 살아왔는데.,이 사람은 스스로를 해치려 한다,1
이모한테 가끔 얘기하는 정도.,이 사람은 스스로를 해치려 한다,1
그러니까 그러니까 그 친구 입장에서는 되게 힘든 아버지 모르겠어요. 그 친구가 어떻게 보면 이렇게 어제 어제 큐티 할 때는 극렬한 마음이 올라오게 해 달라고 기도는 했는데 그래 또...,이 사람은 스스로를 해치려 한다,1
그것도 빚이 된다고 생각해요.,이 사람은 스스로를 해치려 한다,1
저는 그 내면을 알아가는 게 이제 상담이라고 생각하니까 그 과정을 도와주는. 자기를 만나고 알아갈 수 있게 도와주는 과정이라고 생각을 하거든요.,이 사람은 스스로를 해치려 한다,1
계속계속해 주세요. 여하튼 그런 고민을 했고요. 하여튼 죽으라는 법은 없는 것 같고 일단 하면 할 것 같아요.,이 사람은 스스로를 해치려 한다,1
"네 그냥 인사해요. 안녕? 잘 지내. 네. 왜냐하면 그 언니도 사람 좋아 보이는 게 중요한 사람이어서 그냥 인사하는 것 같아서 알겠다고 해요, 그냥. 또 되게 총애받아요. 교회에서 엄청.",이 사람은 스스로를 해치려 한다,1
그럼 선생님께서도 직접 육체적인 활동을 하셔야 됩니까?,이 사람은 스스로를 해치려 한다,1
아무래도 자전거는 같이 타요. 걔도 자주 만나서.,이 사람은 스스로를 해치려 한다,1
일은 또 남편이 가요. 남편이  가서 화요일은 제가 애들 데리고 있을 때 그래도 이제 했던 거고.,이 사람은 스스로를 해치려 한다,1
"아빠는  대학원까지 이렇게  나오셨고, 엄마는",이 사람은 스스로를 해치려 한다,1
그것도 이제 그냥 이제 내려놔야죠. 제가 안 되는 건 안 되는 거니까.,이 사람은 스스로를 해치려 한다,1
아니요. 아니요. 이제 제가 그런 얘기를 하는 거.,이 사람은 스스로를 해치려 한다,1
그냥 뭔가 좀 맞는 것 같아요. 최악의 상황을 항상 염두하고 긴장하고 가볍게 밥을 먹는 그 상황에서도 항상 긴장을 하니까 뭔가. 그 뭔가 상대방의 니즈를 충족시켜야 된다는 그런 부담감도 좀 있는 것 같아요. 저 사람이 원하는 일정한 뭔가 텐션과 반응과 그런 것들을 해내지 못하면 못한다고 했을 때는 그 만남을 피하게 되는 왜냐면 나는 그런 걸 해낼 자신이 없으니까. 그런 것 같아요.,이 사람은 스스로를 해치려 한다,1
"그래서 정확하게 내가 왜 담배를, 지금 당장 이 장면에서는 왜 담배를 피우는지를 내가 어느 정도 인식을 하고 피웠을 때 그럼 내가 이 감정이 조금 떨어지면, 이 수준보다 좀 더 떨어지면 내가 이거보다는 좀 덜 피울 수 있겠네라는 일종의 용기 비슷한 것도 조금은 얻을 수 있을 것 같고.",이 사람은 스스로를 해치려 한다,1
그렇죠 그 정도로 있조.,이 사람은 스스로를 해치려 한다,1
뭐 그렇죠. 아니면 그냥 제 방법이 너무 올드하고 너무 당연한 거라서 저거는 나도 하고 있는 건데라고 생각해서 실천에 안 옮기는 걸 수도 있겠지만 아무튼 이거 얘기하려면 한 500시간 걸립니다.,이 사람은 스스로를 해치려 한다,1
결심하다 100점.,이 사람은 스스로를 해치려 한다,1
어둠이 전설이라고.,이 사람은 스스로를 해치려 한다,1
아이고 감사합니다.,이 사람은 스스로를 해치려 한다,1
"여기 목뒤. 그걸 항상 느끼니까 이렇게 좀 풀려고 많이. 목뒤 , 어금니.",이 사람은 스스로를 해치려 한다,1
사실 막 후회는 많이 없어요. 너무 사실 저는 너무 감사한게 많다라는 생각은 하면서도 아쉬운거 있죠. 막 제가  때 더 공부 열심히 해서 그때 유학을 갈 걸 그랬다 이런 생각 많이 하고 공부를 독하게 해서 그때 그냥 바로 대학원을 갈 걸 그랬나? 이런 생각도 들고 좀 독하게 공부를 못했다는 생각이 좀 아쉬움이 있는 것 같아요.,이 사람은 스스로를 해치려 한다,1
공부를 따로 한다거나 아니면 이제 체력 관리를 한다거나 아니면 좀 혼자 쉬는 시간을 갖는다거나 이런 것들이 좀 복합적으로 필요한 것 같긴 해요.,이 사람은 스스로를 해치려 한다,1
"그러니까 저도 이게 못 하는 게 아니라 제가 안 하는 걸 아니까 되게 이렇게 자꾸 회피하려고 하는 걸 아니까 그냥 이것도 좀 무서운 거 아는데 약간 자꾸 피하는 그런 게 마음에 들지 않았어요, 제 모습이.",이 사람은 스스로를 해치려 한다,1
남자친구도 그렇고 할 일도 많고 막 그러니까 그냥 왜 이렇게까지 힘들게 살아야 되지?,이 사람은 스스로를 해치려 한다,1
"그렇죠. 한 10년은 그냥 넉넉히 10년은 이렇게 쟁겨놔야 뭔가가 될 것 같은데 그러기엔 제가 너무, 너무 이제 저는 일이 필요한 거죠. 그러다 보니까 그러면 당장은 어렵겠다. 이렇게 이런 상황이 되다 보니까 지금은 어떻게 해야 되나.",이 사람은 스스로를 해치려 한다,1
그러니까 뭐 어쨌든 어쨌든 무난한 것 같다라는 생각을 평소에도 엄청 자주 한 건 아닌데 가끔씩 생각나긴 하는데 생각나긴 하는데 또 이제 또 무능 또 너무 무능하다 하기엔 또 무능하면 아예 아무것도 못 할 테니까 또 그렇기도 하면서도 어쨌든 무능하다는 생각을 가지고 있기 때문에 4점을.,이 사람은 스스로를 해치려 한다,1
네 먹었어요. 좀 전에.,이 사람은 스스로를 해치려 한다,1
그러니까 제가 사실 담배를 끊고 싶다 그거에 대해서 과연 8시간 동안 상담이 진행될 수 있을까 그런 생각도 드는 거죠.,이 사람은 스스로를 해치려 한다,1
좀 애매하긴 한데.,이 사람은 스스로를 해치려 한다,1
네. 오히려 제가 오히려 배려를 해주거든요. 배려를 해주고 그다음에 그러는데 그냥 제 스스로가 부끄러우니까 이렇게 좀 느끼는 거 같아요.,이 사람은 스스로를 해치려 한다,1
네 사랑을 엄마한테.,이 사람은 스스로를 해치려 한다,1
예 지금은 잘 되고 있어요.,이 사람은 스스로를 해치려 한다,1
거의 없죠. 저 너무 저는 대인관계는 사실 일단 딱 부러지게 말씀을 드리면 저는 대인관계 스트레스가 거의 없다고 보시면 돼요. 누가 어떤 말을 해도 상처받지 않고 사람 만나는 게 덜 편하고 그냥 당연히 저는 다 이해할 수 있고 그냥 대인 관계로 스트레스 받지 않아요. 저는. 이 사람이 이런 말을 해도 그냥. 근데 이제 저와 관련된 그런 것들에 관해서 굉장히 심하네요. 제가.,이 사람은 스스로를 해치려 한다,1
꼭 가 보고 싶다.,이 사람은 스스로를 해치려 한다,1
근데 그땐 차단 기능이 없었거든요.,이 사람은 스스로를 해치려 한다,1
배고파 죽겠어. 오늘 점심 뭐 먹지?,이 사람은 스스로를 해치려 한다,2
기다리다 죽겠네. 빨리 왔으면 좋겠다.,이 사람은 스스로를 해치려 한다,2
졸려 죽겠어. 커피 한 잔 해야겠다.,이 사람은 스스로를 해치려 한다,2
감동받아서 죽는 줄 알았어. 정말 좋은 영화야.,이 사람은 스스로를 해치려 한다,2
설레서 죽겠어. 내일 여행 가는 날이야.,이 사람은 스스로를 해치려 한다,2
추워 죽겠다. 두꺼운 패딩 입어야겠어.,이 사람은 스스로를 해치려 한다,2
지루해서 죽겠어. 빨리 끝났으면 좋겠다.,이 사람은 스스로를 해치려 한다,2
간지러워 죽겠어. 어디서 물린 것 같아.,이 사람은 스스로를 해치려 한다,2
신나서 죽겠어. 공연 티켓 구했어!,이 사람은 스스로를 해치려 한다,2
부끄러워 죽겠어. 아는 사람한테 실수했어.,이 사람은 스스로를 해치려 한다,2
반가워 죽겠어. 오랜만에 친구 만났어.,이 사람은 스스로를 해치려 한다,2
긴장돼서 죽겠어. 오늘 면접이야.,이 사람은 스스로를 해치려 한다,2
귀여워서 죽겠어. 강아지가 너무 사랑스러워.,이 사람은 스스로를 해치려 한다,2
심심해 죽겠어. 같이 뭐 하자.,이 사람은 스스로를 해치려 한다,2
뿌듯해서 죽겠어. 오늘 발표 잘했어.,이 사람은 스스로를 해치려 한다,2
무서워 죽겠어. 이 영화 너무 무섭다.,이 사람은 스스로를 해치려 한다,2
맵다 죽겠어. 물 좀 줘.,이 사람은 스스로를 해치려 한다,2
시끄러워 죽겠어. 옆집이 왜 이렇게 시끄럽지.,이 사람은 스스로를 해치려 한다,2
억울해 죽겠어. 나는 그런 말 한 적 없는데.,이 사람은 스스로를 해치려 한다,2
창피해서 죽겠어. 넘어졌는데 다들 봤어.,이 사람은 스스로를 해치려 한다,2
배불러서 죽겠어. 너무 많이 먹었다.,이 사람은 스스로를 해치려 한다,2
더워 죽겠어. 선풍기 좀 틀어줘.,이 사람은 스스로를 해치려 한다,2
재밌어서 죽겠어. 이 게임 중독성 있다.,이 사람은 스스로를 해치려 한다,2
행복해서 죽겠어. 오늘 너무 좋은 날이야.,이 사람은 스스로를 해치려 한다,2
뭐가 맛있는지 몰라서 죽겠어. 메뉴 골라줘.,이 사람은 스스로를 해치려 한다,2
요즘 스트레스 너무 받아서 머리 아파. 좀 쉬어야겠어.,이 사람은 스스로를 해치려 한다,2
직장 상사가 너무 힘들게 해. 빨리 퇴근하고 싶어.,이 사람은 스스로를 해치려 한다,2
시험 망한 것 같아. 이번엔 진짜 열심히 안 했나봐.,이 사람은 스스로를 해치려 한다,2
오늘 몸이 너무 안 좋아. 집에 가서 쉴 거야.,이 사람은 스스로를 해치려 한다,2
날씨가 너무 우중충해서 기분이 처지네.,이 사람은 스스로를 해치려 한다,2
밤새 잠을 못 잤어. 피곤해서 아무것도 하기 싫어.,이 사람은 스스로를 해치려 한다,2
친구랑 싸웠어. 기분이 너무 나빠.,이 사람은 스스로를 해치려 한다,2
프로젝트 마감이 다가오는데 너무 막막해.,이 사람은 스스로를 해치려 한다,2
오늘 하루 너무 힘들었어. 진짜 지쳤다.,이 사람은 스스로를 해치려 한다,2
실연당해서 너무 속상해. 맛있는 거 먹으러 가야겠어.,이 사람은 스스로를 해치려 한다,2
돈이 너무 없어. 이번 달은 좀 아껴야겠어.,이 사람은 스스로를 해치려 한다,2
다이어트 하는데 너무 힘들어. 오늘 치팅데이 해야겠다.,이 사람은 스스로를 해치려 한다,2
교통이 너무 막혀. 이러다 지각하겠어.,이 사람은 스스로를 해치려 한다,2
발이 너무 아파. 오늘 너무 많이 걸었나봐.,이 사람은 스스로를 해치려 한다,2
감기 걸려서 너무 힘들어. 약 먹어야겠어.,이 사람은 스스로를 해치려 한다,2
할아버지가 많이 아프셔서 걱정이야. 빨리 나으셨으면.,이 사람은 스스로를 해치려 한다,2
졸업식에서 친구들과 헤어지려니 슬프네.,이 사람은 스스로를 해치려 한다,2
좋아하는 가게가 문을 닫았어. 너무 아쉽다.,이 사람은 스스로를 해치려 한다,2
오랜 친구가 멀리 이사 갔어. 자주 보기 힘들 것 같아 아쉬워.,이 사람은 스스로를 해치려 한다,2
예전 사진 보다가 그때가 그리워졌어.,이 사람은 스스로를 해치려 한다,2
좋아하는 드라마가 끝나서 허전해.,이 사람은 스스로를 해치려 한다,2
기대했던 것보다 별로여서 실망했어.,이 사람은 스스로를 해치려 한다,2
오늘 기분이 별로야. 집에서 쉬면서 영화나 봐야겠다.,이 사람은 스스로를 해치려 한다,2
살기 싫을 정도로 더운 날씨야. 빨리 가을이 왔으면.,이 사람은 스스로를 해치려 한다,2
이 문제 때문에 죽겠어. 수학이 왜 이렇게 어렵지.,이 사람은 스스로를 해치려 한다,2
죽도록 열심히 했는데 결과가 아쉽네.,이 사람은 스스로를 해치려 한다,2
"힘들어 죽겠다, 이번 주 야근이 너무 많았어.",이 사람은 스스로를 해치려 한다,2
살기 싫을 만큼 힘들지만 그래도 버텨야지.,이 사람은 스스로를 해치려 한다,1
다 포기하고 싶었는데 그냥 쉬고 다시 해볼 거야.,이 사람은 스스로를 해치려 한다,1
못 버티겠다 싶었는데 친구 만나고 기분이 나아졌어.,이 사람은 스스로를 해치려 한다,1
사라지고 싶을 만큼 창피했지만 그냥 웃어넘겼어.,이 사람은 스스로를 해치려 한다,1
없어지고 싶을 정도로 부끄러웠어. 그래도 괜찮아.,이 사람은 스스로를 해치려 한다,1
이러다 쓰러지는 거 아닌가 싶어. 병원에 가봐야겠어.,이 사람은 스스로를 해치려 한다,1
수면제를 한 통 사뒀어. 다 먹어버리려고.,이 사람은 스스로를 해치려 한다,0
면도날을 책상에 숨겨뒀어. 오늘 쓸 거야.,이 사람은 스스로를 해치려 한다,0
유서를 다 써놨어. 이제 실행만 남았어.,이 사람은 스스로를 해치려 한다,0
옷장에 끈을 미리 걸어뒀어.,이 사람은 스스로를 해치려 한다,0
베란다 난간에 올라가서 한참 서 있었어.,이 사람은 스스로를 해치려 한다,0
약통이 가득 차 있어. 지금 다 털어 넣을 거야.,이 사람은 스스로를 해치려 한다,0
오늘 밤 자기 전에 끝내려고 해.,이 사람은 스스로를 해치려 한다,0
주말 전에 다 정리하고 떠날 거야.,이 사람은 스스로를 해치려 한다,0
다음 주 월요일이 마지막이야.,이 사람은 스스로를 해치려 한다,0
내일 새벽에 결심한 일을 실행할 거야.,이 사람은 스스로를 해치려 한다,0
이제 정말 끝내고 싶어. 더는 못 견뎌.,이 사람은 스스로를 해치려 한다,0
스스로 사라지는 게 유일한 답인 것 같아.,이 사람은 스스로를 해치려 한다,0
내 손목을 그어버리고 싶어.,이 사람은 스스로를 해치려 한다,0
이 약을 다 먹으면 끝날까?,이 사람은 스스로를 해치려 한다,0
오늘 밤이 마지막이라는 생각이 자꾸 들어.,이 사람은 스스로를 해치려 한다,0
다리에서 뛰어내리는 상상을 매일 해.,이 사람은 스스로를 해치려 한다,0
혼자 산에 가서 돌아오지 않으려고.,이 사람은 스스로를 해치려 한다,0
내가 죽으면 누가 슬퍼할까. 그게 마지막 궁금증이야.,이 사람은 스스로를 해치려 한다,0
지금 손에 칼을 들고 있어.,이 사람은 스스로를 해치려 한다,0
자해한 자국이 늘어가고 있어. 멈출 수가 없어.,이 사람은 스스로를 해치려 한다,0
이 세상에서 나를 지워버리고 싶어.,이 사람은 스스로를 해치려 한다,0
베개에 얼굴을 묻고 숨을 참아봤어. 자꾸 그렇게 돼.,이 사람은 스스로를 해치려 한다,0
약을 모으는 게 일과가 됐어.,이 사람은 스스로를 해치려 한다,0
오늘 밤 마지막 일기를 썼어.,이 사람은 스스로를 해치려 한다,0
엄마한테 미안하다는 말만 남기고 떠날 거야.,이 사람은 스스로를 해치려 한다,0
한강 다리에 가서 한참 내려다봤어.,이 사람은 스스로를 해치려 한다,0
차에 시동을 걸어두고 차고에 앉아 있었어.,이 사람은 스스로를 해치려 한다,0
약병을 들고 손이 떨릴 때까지 망설였어.,이 사람은 스스로를 해치려 한다,0
지금 옥상에 와 있어. 내려다보고 있어.,이 사람은 스스로를 해치려 한다,0
마지막 인사를 하려고 가족 사진을 정리했어.,이 사람은 스스로를 해치려 한다,0
오늘 모든 걸 끝내려고 마음먹었어.,이 사람은 스스로를 해치려 한다,0
면도날로 손목을 그었어. 피가 멈추질 않아.,이 사람은 스스로를 해치려 한다,0
약을 한 움큼 입에 넣었어. 삼킬 거야.,이 사람은 스스로를 해치려 한다,0
더 이상 살고 싶은 의지가 한 톨도 안 남았어.,이 사람은 스스로를 해치려 한다,0
내가 사라져야 모두가 평안할 거야. 결심했어.,이 사람은 스스로를 해치려 한다,0
이 칼로 내 목을 그으려고 들고 있어.,이 사람은 스스로를 해치려 한다,0
오늘 밤 자면 다시 안 깨어났으면 좋겠어. 그렇게 만들 거야.,이 사람은 스스로를 해치려 한다,0
스스로를 끝낼 방법만 머릿속에 가득해.,이 사람은 스스로를 해치려 한다,0
자해를 멈출 수가 없어. 매일 새 상처를 만들어.,이 사람은 스스로를 해치려 한다,0
내가 죽는 게 가장 합리적인 선택 같아.,이 사람은 스스로를 해치려 한다,0
끈을 매듭짓는 법을 검색해봤어.,이 사람은 스스로를 해치려 한다,0
이 알약 한 통을 손에 쥐고 있어. 지금 삼킬 거야.,이 사람은 스스로를 해치려 한다,0
오늘이 내 마지막 날이라고 다짐했어.,이 사람은 스스로를 해치려 한다,0
이대로 잠들어서 영영 안 일어나고 싶어. 진심이야.,이 사람은 스스로를 해치려 한다,0
내 손으로 모든 걸 끝낼 거야.,이 사람은 스스로를 해치려 한다,0
더는 내일이 오지 않게 하고 싶어.,이 사람은 스스로를 해치려 한다,0
오늘 밤 약을 모아둔 걸 다 먹을 거야.,이 사람은 스스로를 해치려 한다,0
건물 옥상에 올라와 있어. 한 발만 내디디면 돼.,이 사람은 스스로를 해치려 한다,0
내 인생은 오늘로 끝이야. 결심 굳혔어.,이 사람은 스스로를 해치려 한다,0
스스로 목숨을 끊는 방법을 정해놨어.,이 사람은 스스로를 해치려 한다,0
예전에 그런 생각을 한 적이 있는데 지금은 괜찮아.,이 사람은 스스로를 해치려 한다,1
한때는 죽고 싶었는데 요즘은 그래도 살아보려고.,이 사람은 스스로를 해치려 한다,1
그런 충동이 가끔 올라오는데 행동으로 옮긴 적은 없어.,이 사람은 스스로를 해치려 한다,1
자해 충동이 있긴 한데 참고 있어.,이 사람은 스스로를 해치려 한다,1
사라지고 싶다는 생각이 들 때가 있긴 해.,이 사람은 스스로를 해치려 한다,1
이 고통이 평생 갈 것 같아 무서워.,이 사람은 스스로를 해치려 한다,1
내가 없으면 차라리 가족이 편할 것 같아.,이 사람은 스스로를 해치려 한다,1
살고 싶지도 죽고 싶지도 않아. 그냥 멍해.,이 사람은 스스로를 해치려 한다,1
끝내고 싶다는 생각이 스쳐 지나갔어.,이 사람은 스스로를 해치려 한다,1
병원에 가야 할 만큼 위험한지 잘 모르겠어.,이 사람은 스스로를 해치려 한다,1
이대로 가면 무슨 일이 생길지 나도 두려워.,이 사람은 스스로를 해치려 한다,1
약을 한참 들여다본 적이 있어.,이 사람은 스스로를 해치려 한다,1
옥상에 올라가본 적이 있는데 결국 내려왔어.,이 사람은 스스로를 해치려 한다,1
내가 견딜 수 있을지 자신이 없어.,이 사람은 스스로를 해치려 한다,1
도와달라고 말하고 싶은데 입이 안 떨어져.,이 사람은 스스로를 해치려 한다,1
이 감정이 어디로 향할지 나도 잘 몰라.,이 사람은 스스로를 해치려 한다,1
친구한테 이런 얘기 해도 될까 망설여져.,이 사람은 스스로를 해치려 한다,1
잠들면 다시 깨고 싶지 않다는 생각이 들 때가 있어.,이 사람은 스스로를 해치려 한다,1
내 안에 두 마음이 싸우고 있는 느낌이야.,이 사람은 스스로를 해치려 한다,1
한밤중에 이상한 생각이 스칠 때가 있어.,이 사람은 스스로를 해치려 한다,1
오늘 야근 때문에 진짜 죽을 맛이야.,이 사람은 스스로를 해치려 한다,2
이 영화 너무 웃겨서 죽는 줄 알았어.,이 사람은 스스로를 해치려 한다,2
시험 망쳐서 진짜 죽고 싶은 심정이야 ㅋㅋ.,이 사람은 스스로를 해치려 한다,2
배고파 죽겠어. 빨리 밥 먹자.,이 사람은 스스로를 해치려 한다,2
이 노래 들으면 행복해서 죽을 것 같아.,이 사람은 스스로를 해치려 한다,2
오늘 더위 때문에 살이 녹아내릴 것 같아.,이 사람은 스스로를 해치려 한다,2
회의 너무 길어서 끝나는 줄 모르겠다.,이 사람은 스스로를 해치려 한다,2
줄 서서 기다리다가 다리가 끊어질 뻔했어.,이 사람은 스스로를 해치려 한다,2
스트레스 받아서 머리가 터질 것 같아.,이 사람은 스스로를 해치려 한다,2
내일 출근하기 정말 싫다.,이 사람은 스스로를 해치려 한다,2
이번 주는 정말 끝이 없는 것 같아 — 빨리 주말 오라.,이 사람은 스스로를 해치려 한다,2
프로젝트 마감 전까지 못 살겠다 진짜.,이 사람은 스스로를 해치려 한다,2
이 옷 너무 예뻐서 사고 싶어 죽겠어.,이 사람은 스스로를 해치려 한다,2
운동 너무 힘들어서 다리가 죽을 지경이야.,이 사람은 스스로를 해치려 한다,2
회식 끝나고 집 가는 길에 쓰러질 것 같았어.,이 사람은 스스로를 해치려 한다,2
시간이 너무 안 가서 미치겠어.,이 사람은 스스로를 해치려 한다,2
그 드라마 결말이 너무 슬퍼서 끝낼 수가 없었어.,이 사람은 스스로를 해치려 한다,2
운동을 끝내고 나면 그렇게 개운할 수가 없어.,이 사람은 스스로를 해치려 한다,2
이 책을 빨리 끝내고 싶어 — 너무 재밌어.,이 사람은 스스로를 해치려 한다,2
프로젝트 끝내고 한잔하자.,이 사람은 스스로를 해치려 한다,2
이번 학기만 끝나면 좀 살 것 같아.,이 사람은 스스로를 해치려 한다,2
다이어트 끝내고 치킨 먹을 거야.,이 사람은 스스로를 해치려 한다,2
야근 끝내고 집에 가서 쉬고 싶다.,이 사람은 스스로를 해치려 한다,2
감기약 먹고 푹 자야겠어.,이 사람은 스스로를 해치려 한다,2
어제 운동하다 무릎 다쳐서 약 발랐어.,이 사람은 스스로를 해치려 한다,2
살기 싫어서 미치겠네,이 사람은 스스로를 해치려 한다,0
죽고 싶단 생각만 드네,이 사람은 스스로를 해치려 한다,0
그냥 이대로 죽어버리고 싶어.,이 사람은 스스로를 해치려 한다,0
맨날 목 매달면 좋겠다는 생각만 하게 돼요,이 사람은 스스로를 해치려 한다,0
수면제를 한번에 다 털어 넣고 죽어버리면 어떨까?,이 사람은 스스로를 해치려 한다,0
죽고 싶어…,이 사람은 스스로를 해치려 한다,0
먼지가 되고 싶어.,이 사람은 스스로를 해치려 한다,0
자살하고 싶은 적 많은데 병신 될까봐 시도는 못 하겠어요.,이 사람은 스스로를 해치려 한다,0
뉴스에는 취준생이 비관자살 했다고 하겠지?,이 사람은 스스로를 해치려 한다,0
뛰어내리면 다 끝낼 수 있을 것 같아,이 사람은 스스로를 해치려 한다,0
그냥 죽어서 돌로 환생하고 싶어. 아무것도 안 해도 되잖아.,이 사람은 스스로를 해치려 한다,0
머리가 터지든 마비가 오던 금방 죽어버렸으면 좋겠어요.,이 사람은 스스로를 해치려 한다,0
세상 뜨는 게 소원이야,이 사람은 스스로를 해치려 한다,0
그이때문에 살고 싶지가 않아요,이 사람은 스스로를 해치려 한다,0
죽고싶어요.,이 사람은 스스로를 해치려 한다,0
몸 상태가 너무 안 좋아서 자살하고 싶다,이 사람은 스스로를 해치려 한다,0
죽고싶다는 생각이 계속 들어요.,이 사람은 스스로를 해치려 한다,0
눈 감았다 뜨면 죽어 있었으면 좋겠다,이 사람은 스스로를 해치려 한다,0
목 매달고 싶어,이 사람은 스스로를 해치려 한다,0
가끔씩 진짜 죽고싶다는 생각을 해요.,이 사람은 스스로를 해치려 한다,0
애만 보면 그냥 뛰어내리고 싶어요,이 사람은 스스로를 해치려 한다,0
제초제도 먹고 수면제도 30알을 한번에 먹었어.,이 사람은 스스로를 해치려 한다,0
시댁때문에 짜증나서 자살해버리고 싶어,이 사람은 스스로를 해치려 한다,0
손목 긋고 죽고 싶다,이 사람은 스스로를 해치려 한다,0
딱히 죽고 싶은 마음이 많이 든다거나 시도해본 적은 없어.,이 사람은 스스로를 해치려 한다,0
약 먹고 죽어버리고 싶어요,이 사람은 스스로를 해치려 한다,0
어떤 방법으로 죽는 게 덜 아플까?,이 사람은 스스로를 해치려 한다,0
"한강에 가면 유독 그런 생각해요. 빠져 죽을까. 빠지면 구출 될까, 한번에 죽을까.",이 사람은 스스로를 해치려 한다,0
이렇게 사느니 그냥 죽는 게 낫겠다 싶어서 자살 시도를 한 적도 있어요.,이 사람은 스스로를 해치려 한다,0
나 하나쯤 사라져도… 세상은 아무렇지도 않을 거야.,이 사람은 스스로를 해치려 한다,0
죽고싶단생각만 계속 머리속에 맴돌아서.,이 사람은 스스로를 해치려 한다,0
그럴 바엔 그냥 죽는 게 나을 것 같아요.,이 사람은 스스로를 해치려 한다,0
나도 죽으면 어떨까? 편해질까?,이 사람은 스스로를 해치려 한다,0
오늘 죽어야 하나.,이 사람은 스스로를 해치려 한다,0
부모님에게도 정말 죄송해서 죽고 싶었어요.,이 사람은 스스로를 해치려 한다,0
"두통약은 듣지도 않고, 차라리 죽어야겠다는 생각도 여러 번 했어요.",이 사람은 스스로를 해치려 한다,0
아무리 죽고 싶어도 배는 고파왔다는 거야.,이 사람은 스스로를 해치려 한다,0
면접 너무 망쳐서 죽고 싶다.,이 사람은 스스로를 해치려 한다,0
"그래서 죽으려고 했지,",이 사람은 스스로를 해치려 한다,0
내 탓인것 같아서 죽고 싶어.,이 사람은 스스로를 해치려 한다,0
위에 줄넘기를 매달고 죽자고 생각하고 있었어.,이 사람은 스스로를 해치려 한다,0
인생 접고 싶다,이 사람은 스스로를 해치려 한다,0
반포대교에서 뛰어내리면 바로 죽을 수 있으려나?,이 사람은 스스로를 해치려 한다,0
그래서 맨날 울고 그러다가 자살 시도도 했어요.,이 사람은 스스로를 해치려 한다,0
그래서 자살하려고 약을 먹었어.,이 사람은 스스로를 해치려 한다,0
정말 지금이라도 창문 열고 뛰어 내리고 싶다…,이 사람은 스스로를 해치려 한다,0
시댁때문에 뒤지고 싶단 생각만 하게 돼,이 사람은 스스로를 해치려 한다,0
내가 죽으면 엄마가 언제 알게 될까?,이 사람은 스스로를 해치려 한다,0
저희 부모님이 농사를 짓기 때문에 안 된다고 했을 때는 정말 죽고 싶었어요.,이 사람은 스스로를 해치려 한다,0
그래도 죽고 싶어요.,이 사람은 스스로를 해치려 한다,0
최근에도 죽으려고 약을 입에 넣었다가 무서워서 뱉었어.,이 사람은 스스로를 해치려 한다,0
남편때문에 살기가 싫은 것 같아,이 사람은 스스로를 해치려 한다,0
살고 싶지 않은 걸 어떡해,이 사람은 스스로를 해치려 한다,0
어제는 수업중에 창문으로 뛰어내리고 싶다는 생각했어요.,이 사람은 스스로를 해치려 한다,0
죽는 게 더 편할 거 같아.,이 사람은 스스로를 해치려 한다,0
내가 죽으면 부모님한테 복수가 되지 않을까?,이 사람은 스스로를 해치려 한다,0
근데 생각만 하고 실행에 옮기진 않았어요. 하고 싶어서 준비만 했죠.,이 사람은 스스로를 해치려 한다,0
죽어버리고 싶은 이유는 좀 복합적이야,이 사람은 스스로를 해치려 한다,0
살기 싫어서 확 죽어버리고 싶다,이 사람은 스스로를 해치려 한다,0
살고 싶은 생각이 안 들어요,이 사람은 스스로를 해치려 한다,0
우울해서 죽고 싶어.,이 사람은 스스로를 해치려 한다,0
자살밖에 답이 없어요,이 사람은 스스로를 해치려 한다,0
어제는 내가 확 죽어버리면 그게 부모님한테 하는 복수가 아닐까 싶었어.,이 사람은 스스로를 해치려 한다,0
임신하니까 그냥 자살해버리고 싶어,이 사람은 스스로를 해치려 한다,0
뛰어내려서 다 끝내버리고 싶다,이 사람은 스스로를 해치려 한다,0
목 매달고 끝내고 싶네,이 사람은 스스로를 해치려 한다,0
너무 아프니까 자꾸 술을 마시게 되네요.,이 사람은 스스로를 해치려 한다,0
아빠한테 걸려서 죽지는 못했어요.,이 사람은 스스로를 해치려 한다,0
열심히 살다가도 한번씩.. 그냥 나도 따라가고 싶단 생각이 들더라구요.,이 사람은 스스로를 해치려 한다,0
죽고 싶은데 자살하고 싶지는 않으니까 살해당했으면 좋겠어.,이 사람은 스스로를 해치려 한다,0
이렇게 살 바엔 죽어버리는 게 나은 것 같아.,이 사람은 스스로를 해치려 한다,0
시어머님때문에 자살 직전이야,이 사람은 스스로를 해치려 한다,0
그냥 여기서 떨어져 죽는 게 낫지 않을까?,이 사람은 스스로를 해치려 한다,0
"죽고 싶은 마음은 계속 있지만, 실제로 하진 않을 것 같아요.",이 사람은 스스로를 해치려 한다,0
지금 이 시기가 딱 죽기 좋은 시기 같아서.,이 사람은 스스로를 해치려 한다,0
눈 감았다 뜨면 죽어버렸으면 좋겠어요,이 사람은 스스로를 해치려 한다,0
언제까지 참아야 하나.. 그래서 죽으려고 했었어. 누나가 울면서 말리지만 않았다면 말이야.,이 사람은 스스로를 해치려 한다,0
목숨 따위 그냥 다 버리고 싶어요,이 사람은 스스로를 해치려 한다,0
죽어버리고 싶다,이 사람은 스스로를 해치려 한다,0
너무 힘들어서 자살 시도도 했었어요...,이 사람은 스스로를 해치려 한다,0
오늘 너무 신나서 죽겠어. 콘서트 너무 좋았어.,이 사람은 스스로를 해치려 한다,2
행복해서 죽겠어. 합격 통보 받았어.,이 사람은 스스로를 해치려 한다,2
설레서 죽겠어. 내일 데이트라서 잠이 안 와.,이 사람은 스스로를 해치려 한다,2
기뻐서 죽겠어. 친구들이 깜짝 파티 해줬어.,이 사람은 스스로를 해치려 한다,2
"좋아 죽겠다, 새로 산 신발이 너무 예쁘게 빠졌어.",이 사람은 스스로를 해치려 한다,2
흥분돼서 죽겠어. 좋아하는 가수 무대 봤어.,이 사람은 스스로를 해치려 한다,2
재밌어 죽겠다. 이 드라마 진짜 미쳤어.,이 사람은 스스로를 해치려 한다,2
맛있어 죽겠어. 이 집 만두 진짜 인생.,이 사람은 스스로를 해치려 한다,2
"귀여워 죽겠다, 강아지 영상만 보다가 시간 다 갔어.",이 사람은 스스로를 해치려 한다,2
고마워서 죽겠어. 친구가 진짜 큰일 막아줬어.,이 사람은 스스로를 해치려 한다,2
심심해 죽겠어. 주말인데 할 일이 없네.,이 사람은 스스로를 해치려 한다,2
배고파 죽겠다. 점심 안 먹었어.,이 사람은 스스로를 해치려 한다,2
졸려 죽겠어. 어제 잠을 거의 못 잤어.,이 사람은 스스로를 해치려 한다,2
"더워 죽겠다, 에어컨이 고장 났어.",이 사람은 스스로를 해치려 한다,2
추워 죽겠어. 보일러가 안 들어와.,이 사람은 스스로를 해치려 한다,2
지루해서 죽겠어. 회의가 끝날 줄 모르네.,이 사람은 스스로를 해치려 한다,2
"답답해 죽겠다, 차가 너무 막혀.",이 사람은 스스로를 해치려 한다,2
긴장돼서 죽을 것 같아. 시험이 내일이야.,이 사람은 스스로를 해치려 한다,2
바빠 죽겠어. 마감이 코앞이야.,이 사람은 스스로를 해치려 한다,2
피곤해 죽겠다. 야근이 너무 길었어.,이 사람은 스스로를 해치려 한다,2
정말 힘들었지만 내일은 산책이라도 나가볼까 해.,이 사람은 스스로를 해치려 한다,2
마음이 가라앉아서 며칠 쉬려고. 다음 주에는 다시 시작할 거야.,이 사람은 스스로를 해치려 한다,2
한참 울었는데 이제 좀 정리됐어. 이번 주말에 친구 만나기로 했어.,이 사람은 스스로를 해치려 한다,2
너무 지쳐서 휴가 내고 푹 쉬기로 했어.,이 사람은 스스로를 해치려 한다,2
혼자 있기 힘들어서 부모님 댁에 며칠 다녀오려고.,이 사람은 스스로를 해치려 한다,2
병원 예약 잡았어. 약 도움받으면 좀 나아질 것 같아.,이 사람은 스스로를 해치려 한다,2
상담 선생님이랑 얘기 나눈 뒤로 조금 숨이 트였어.,이 사람은 스스로를 해치려 한다,2
오늘은 그냥 일찍 자고 내일 다시 생각해 보려고.,이 사람은 스스로를 해치려 한다,2
친구한테 털어놓고 나니까 조금 가벼워졌어.,이 사람은 스스로를 해치려 한다,2
주말에 동네 카페라도 가서 환기 좀 시키려고.,이 사람은 스스로를 해치려 한다,2
할머니 돌아가셔서 너무 슬퍼. 아직 실감이 안 나.,이 사람은 스스로를 해치려 한다,2
친한 친구가 이민 가서 한참 울었어. 그래도 영상통화 자주 하기로 했어.,이 사람은 스스로를 해치려 한다,2
키우던 강아지 무지개다리 건넜어. 한동안 마음이 빈 것 같아.,이 사람은 스스로를 해치려 한다,2
이별한 지 오래됐는데 가끔 사진 보면 눈물이 나.,이 사람은 스스로를 해치려 한다,2
엄마 수술 잘 끝났는데 그날 너무 무서웠어.,이 사람은 스스로를 해치려 한다,2
오늘 장례식 다녀와서 진이 다 빠졌어.,이 사람은 스스로를 해치려 한다,2
친구가 아프다는 소식 듣고 마음이 무거워. 빨리 회복하면 좋겠어.,이 사람은 스스로를 해치려 한다,2
결과 안 나와서 실망스러워. 다음 기회 노려야지.,이 사람은 스스로를 해치려 한다,2
프로젝트 망해서 속상해. 그래도 배운 건 있더라고.,이 사람은 스스로를 해치려 한다,2
헤어진 다음 날인데 멍하게 하루를 보냈어. 일단 푹 자야겠어.,이 사람은 스스로를 해치려 한다,2
이번 분기는 진짜 끝장이다. 매출이 절반이야.,이 사람은 스스로를 해치려 한다,2
이 프로젝트 끝나면 진짜 쓰러질 것 같아. 빨리 끝났으면.,이 사람은 스스로를 해치려 한다,2
이번 주 야근이 끝이 안 보여. 진짜 못 살겠다.,이 사람은 스스로를 해치려 한다,2
회사 분위기가 가라앉아서 답답해. 이직 생각도 들고.,이 사람은 스스로를 해치려 한다,2
헬스장 가니까 다리가 풀려 죽는 줄 알았어. 그래도 시원해.,이 사람은 스스로를 해치려 한다,2
버스가 너무 막혀서 한 시간 갇혔어. 정말 끝날 줄 모르더라.,이 사람은 스스로를 해치려 한다,2
줄 서서 기다리다가 다리 아파 죽는 줄. 그래도 맛은 있더라.,이 사람은 스스로를 해치려 한다,2
이 책 너무 두꺼워서 끝이 안 보이는데 그래도 재밌어서 계속 봐.,이 사람은 스스로를 해치려 한다,2
운동 첫날인데 다음 날 못 일어났어. 근육통 진짜 죽음이야.,이 사람은 스스로를 해치려 한다,2
마라톤 완주하고 나니까 진짜 쓰러질 줄 알았어. 그래도 뿌듯해.,이 사람은 스스로를 해치려 한다,2
월말 결산 때문에 진짜 못 살겠어. 계산이 안 맞아.,이 사람은 스스로를 해치려 한다,2
이번 시험 망쳐서 쓰러질 것 같아. 그래도 다음 시험 준비해야지.,이 사람은 스스로를 해치려 한다,2
마감 전날 밤에 잠을 못 잤어. 죽을 것 같았어.,이 사람은 스스로를 해치려 한다,2
택배가 또 안 와. 진짜 죽을 맛이야.,이 사람은 스스로를 해치려 한다,2
감기 몸살로 이틀 누워 있었어. 죽다 살아났어.,이 사람은 스스로를 해치려 한다,2
수술 후 회복기에 진짜 끝나는 줄 알았어. 다행히 좋아지고 있어.,이 사람은 스스로를 해치려 한다,2
이사 짐 옮기다가 허리가 끊어질 뻔했어. 너무 무거워.,이 사람은 스스로를 해치려 한다,2
정전 때문에 한참 갇혀 있었어. 그러다 죽는 줄.,이 사람은 스스로를 해치려 한다,2
지하철 사고로 두 시간 멈춰 있었어. 진짜 답답해 죽는 줄.,이 사람은 스스로를 해치려 한다,2
아이 우는 소리 듣다가 머리 터질 뻔했어. 그래도 잘 재웠어.,이 사람은 스스로를 해치려 한다,2
어휴 내가 진짜 한심해 죽겠어. 그래도 다시 해봐야지.,이 사람은 스스로를 해치려 한다,2
내가 너무 모자란 것 같아. 더 노력하는 수밖에 없네.,이 사람은 스스로를 해치려 한다,2
오늘 실수 너무 많이 했어. 내일은 좀 정신 차리고 와야겠다.,이 사람은 스스로를 해치려 한다,2
이 나이 먹고 이런 것도 못 해. 한심하지만 천천히 배워야겠어.,이 사람은 스스로를 해치려 한다,2
성격이 답답해서 답이 없어. 그래도 친구들이 옆에 있어줘서 다행이야.,이 사람은 스스로를 해치려 한다,2
내가 봐도 내가 별로야. 그래도 어떻게든 살아가야지.,이 사람은 스스로를 해치려 한다,2
이번에도 또 실패. 진짜 못나서 화가 나. 그래도 한 번 더 해보려고.,이 사람은 스스로를 해치려 한다,2
발표가 너무 떨려서 나 자신이 너무 싫어. 그래도 끝까지 해냈어.,이 사람은 스스로를 해치려 한다,2
여기서 그냥 사라지고 싶지만 내일 출근해야 하니까 일단 자야겠어.,이 사람은 스스로를 해치려 한다,2
주변에 폐만 끼치는 것 같아 미안해. 다음 주에 식사라도 같이 하자고 해야지.,이 사람은 스스로를 해치려 한다,2
오늘 너무 우울해. 그냥 푹 자고 일어나면 좀 나아질까.,이 사람은 스스로를 해치려 한다,2
마음이 자꾸 가라앉네. 이번 주말엔 좀 나가서 산책해야겠어.,이 사람은 스스로를 해치려 한다,2
왠지 모르게 눈물이 나. 그래도 친구가 와줘서 같이 영화 봤어.,이 사람은 스스로를 해치려 한다,2
외로워서 한참 울었어. 그래도 잘 자고 나니까 좀 괜찮아졌어.,이 사람은 스스로를 해치려 한다,2
스트레스가 너무 쌓였어. 운동이라도 해야지 안 되겠어.,이 사람은 스스로를 해치려 한다,2
마음이 너무 무거운 날이야. 일찍 자고 내일 다시 보자.,이 사람은 스스로를 해치려 한다,2
오늘 진짜 힘들었어. 따뜻한 차 한 잔 마시고 자려고.,이 사람은 스스로를 해치려 한다,2
기분이 별로지만 일단 밥은 챙겨 먹었어.,이 사람은 스스로를 해치려 한다,2
혼자 있는 시간이 너무 길었나봐. 친구한테 전화해야겠어.,이 사람은 스스로를 해치려 한다,2
마음이 헛헛해서 그냥 멍하니 있었어. 그래도 이만하면 괜찮아.,이 사람은 스스로를 해치려 한다,2
이번 프로젝트 마감 전까지 정말 못 살겠다 진짜. 그래도 끝나면 휴가 쓸 거야.,이 사람은 스스로를 해치려 한다,2
오늘 회의가 다섯 개나 잡혔어. 진짜 죽겠어. 점심도 못 먹었어.,이 사람은 스스로를 해치려 한다,2
월요일 아침이 제일 싫다. 그래도 일주일 시작이니까 힘내야지.,이 사람은 스스로를 해치려 한다,2
야근이 또 시작이네. 이번 주만 버티면 돼.,이 사람은 스스로를 해치려 한다,2
팀장님 잔소리에 진짜 끝장이다. 그래도 배운 건 있더라.,이 사람은 스스로를 해치려 한다,2
신입 교육 시키는데 진짜 답답해 죽겠어. 그래도 점점 나아지겠지.,이 사람은 스스로를 해치려 한다,2
주말까지 일하라고 하네. 진짜 끝장이야.,이 사람은 스스로를 해치려 한다,2
이번 분기 실적 안 나와서 사장이 화났어. 분위기 진짜 살벌해.,이 사람은 스스로를 해치려 한다,2
납기 못 맞출 것 같아 죽을 것 같아. 야근으로 어떻게든 메워봐야지.,이 사람은 스스로를 해치려 한다,2
고객 클레임 또 들어왔어. 진짜 못 살겠다.,이 사람은 스스로를 해치려 한다,2
내일 출근하기 정말 싫다. 그래도 가서 커피 한잔하고 시작하자.,이 사람은 스스로를 해치려 한다,2
월말 결산 진짜 끝장이야. 일주일만 버티자.,이 사람은 스스로를 해치려 한다,2
시험 망쳐서 죽고 싶을 정도로 속상해. 그래도 다음 시험 있잖아.,이 사람은 스스로를 해치려 한다,2
공부가 손에 안 잡혀서 진짜 끝장이야. 일단 산책 갔다 와야지.,이 사람은 스스로를 해치려 한다,2
논문 마감이 코앞이야. 정말 죽을 것 같아. 카페에서 밤새우면 어떻게든 되겠지.,이 사람은 스스로를 해치려 한다,2
시험 결과 안 좋아서 너무 실망. 그래도 다음 학기에 만회할 거야.,이 사람은 스스로를 해치려 한다,2
발표 망쳤어. 쥐구멍에 들어가고 싶다. 그래도 끝낸 게 어디야.,이 사람은 스스로를 해치려 한다,2
교수님 피드백 너무 가혹했어. 그래도 더 잘하라는 뜻이라 생각하자.,이 사람은 스스로를 해치려 한다,2
과제 너무 많아서 진짜 못 살겠어. 일단 우선순위부터 정해보자.,이 사람은 스스로를 해치려 한다,2
수업 따라가기 너무 벅차. 그래도 친구한테 도움 요청해 봐야지.,이 사람은 스스로를 해치려 한다,2
오늘 운동 너무 많이 했나봐. 진짜 죽겠어. 그래도 시원해.,이 사람은 스스로를 해치려 한다,2
산행 다녀와서 다리가 끊어질 것 같아. 잠은 잘 잘 듯.,이 사람은 스스로를 해치려 한다,2
이사 짐 옮기다가 허리 끝장이야. 다행히 다 끝냈어.,이 사람은 스스로를 해치려 한다,2
감기 몸살로 진짜 죽다 살아났어. 며칠 쉬고 있어.,이 사람은 스스로를 해치려 한다,2
수면 부족이 며칠째야. 정말 쓰러질 것 같아. 오늘은 일찍 자야지.,이 사람은 스스로를 해치려 한다,2
출근길 만원 지하철에서 진짜 죽는 줄. 그래도 자리 났어.,이 사람은 스스로를 해치려 한다,2
한겨울 출근길 추워 죽겠어. 핫팩 가져갈걸.,이 사람은 스스로를 해치려 한다,2
한여름에 에어컨도 안 들어와. 진짜 더워 죽겠다.,이 사람은 스스로를 해치려 한다,2
발 다쳐서 절뚝거리며 다녔어. 진짜 죽을 맛이었어.,이 사람은 스스로를 해치려 한다,2
이번 주 너무 무리했나봐. 컨디션 망가져서 끝장이야. 주말에 푹 쉴 거야.,이 사람은 스스로를 해치려 한다,2
옆집 아이가 또 울어. 진짜 시끄러워 죽겠어.,이 사람은 스스로를 해치려 한다,2
택배가 또 잘못 왔네. 화나 죽겠다.,이 사람은 스스로를 해치려 한다,2
버스 놓쳤어. 진짜 짜증나 죽겠다. 다음 거 타야지.,이 사람은 스스로를 해치려 한다,2
주문한 음식 두 시간째 안 와. 굶어 죽을 것 같아.,이 사람은 스스로를 해치려 한다,2
비행기 결항됐어. 진짜 끝장이야. 다음 날로 다시 잡아야지.,이 사람은 스스로를 해치려 한다,2
지갑 어디다 뒀는지 못 찾겠어. 진짜 미쳐 죽겠다.,이 사람은 스스로를 해치려 한다,2
휴대폰 액정 깨졌어. 수리비 진짜 죽겠어.,이 사람은 스스로를 해치려 한다,2
주차 자리가 없어서 한참 돌았어. 진짜 답답해 죽는 줄.,이 사람은 스스로를 해치려 한다,2
인터넷이 또 끊겼네. 작업 진짜 끝장났다.,이 사람은 스스로를 해치려 한다,2
줄 서서 한 시간 기다렸는데 품절이래. 정말 끝장이야.,이 사람은 스스로를 해치려 한다,2
이 영화 진짜 미치겠다. 너무 웃겨서 배 아파.,이 사람은 스스로를 해치려 한다,2
친구 결혼 소식 너무 좋아 죽겠어. 축하해 줘야지.,이 사람은 스스로를 해치려 한다,2
강아지 사진 보고 귀여워 죽는 줄. 너무 사랑스러워.,이 사람은 스스로를 해치려 한다,2
콘서트 티켓 잡아서 미칠 것 같아. 너무 행복해.,이 사람은 스스로를 해치려 한다,2
오랜만에 본 친구 너무 반가워. 좋아 죽는 줄 알았어.,이 사람은 스스로를 해치려 한다,2
여행 첫날 짐 풀고 너무 신나서 죽겠어. 잠도 안 와.,이 사람은 스스로를 해치려 한다,2
맛집 드디어 와봤다. 너무 맛있어서 끝내준다.,이 사람은 스스로를 해치려 한다,2
이 책 너무 재미있어서 손에서 못 놓겠어. 끝내주게 좋아.,이 사람은 스스로를 해치려 한다,2
복권 당첨돼서 진짜 미친 줄 알았어. 1만원이지만 좋아.,이 사람은 스스로를 해치려 한다,2
오늘 날씨 너무 좋아서 산책 갔어. 진짜 좋아 죽겠다.,이 사람은 스스로를 해치려 한다,2
